chr,startPosition,endPosition,referenceAllele,variantAllele,variantType,Gene,Protein Change,patientId,sampleId,tumorAltCount,tumorRefCount,Mutation Type,molecularProfileId,studyId,Clasificación,peptide,peptide_num,sample_name,affinity,best_allele,processing_score,presentation_score,presentation_percentile,gen,patientId_predictions,Binding_Classification
11,1272679,1272679,G,A,SNP,MUC5B,V4857M,SJDES004,SJDES004,,,Missense_Mutation,es_dfarber_broad_2014_mutations,es_dfarber_broad_2014,Transición,MMVPTGSTA,0,sample1,48.77151138641082,HLA-A*02:01,0.1241463082842528,0.7285676747194727,0.392527173913038,MUC5B,SJDES004,WB
11,1272679,1272679,G,A,SNP,MUC5B,V4857M,SJDES004,SJDES004,,,Missense_Mutation,es_dfarber_broad_2014_mutations,es_dfarber_broad_2014,Transición,TMMVPTGST,1,sample1,2163.883384030424,HLA-A*02:01,0.0625151215499499,0.0514384072359116,4.968641304347784,MUC5B,SJDES004,
11,1272679,1272679,G,A,SNP,MUC5B,V4857M,SJDES004,SJDES004,,,Missense_Mutation,es_dfarber_broad_2014_mutations,es_dfarber_broad_2014,Transición,ATMMVPTGS,2,sample1,20735.63332445456,HLA-A*02:01,0.0135009900623117,0.0050505796076976,46.22467391304348,MUC5B,SJDES004,
11,1272679,1272679,G,A,SNP,MUC5B,V4857M,SJDES004,SJDES004,,,Missense_Mutation,es_dfarber_broad_2014_mutations,es_dfarber_broad_2014,Transición,IATMMVPTG,3,sample1,21219.987606836352,HLA-A*02:01,0.0074014415731653,0.0048341776624596,62.74467391304348,MUC5B,SJDES004,
11,1272679,1272679,G,A,SNP,MUC5B,V4857M,SJDES004,SJDES004,,,Missense_Mutation,es_dfarber_broad_2014_mutations,es_dfarber_broad_2014,Transición,TIATMMVPT,4,sample1,4388.419483097816,HLA-A*02:01,0.0048619594526826,0.0217669427429859,11.115788043478249,MUC5B,SJDES004,
11,1272679,1272679,G,A,SNP,MUC5B,V4857M,SJDES004,SJDES004,,,Missense_Mutation,es_dfarber_broad_2014_mutations,es_dfarber_broad_2014,Transición,STIATMMVP,5,sample1,21369.50056196573,HLA-A*02:01,0.357605567201972,0.0163836695100219,14.277038043478257,MUC5B,SJDES004,
11,1272679,1272679,G,A,SNP,MUC5B,V4857M,SJDES004,SJDES004,,,Missense_Mutation,es_dfarber_broad_2014_mutations,es_dfarber_broad_2014,Transición,PSTIATMMV,6,sample1,18035.53238997734,HLA-A*02:01,0.0226023692084709,0.0059673107051665,46.22467391304348,MUC5B,SJDES004,
11,1272679,1272679,G,A,SNP,MUC5B,V4857M,SJDES004,SJDES004,,,Missense_Mutation,es_dfarber_broad_2014_mutations,es_dfarber_broad_2014,Transición,EPSTIATMM,7,sample1,25325.320524977986,HLA-A*02:01,0.1583310429705307,0.0069297027343442,37.35904891304347,MUC5B,SJDES004,
11,1272679,1272679,G,A,SNP,MUC5B,V4857M,SJDES004,SJDES004,,,Missense_Mutation,es_dfarber_broad_2014_mutations,es_dfarber_broad_2014,Transición,TEPSTIATM,8,sample1,6643.287982841111,HLA-A*02:01,0.161246127448976,0.0252142612718391,9.494239130434764,MUC5B,SJDES004,
1,35227334,35227334,G,A,SNP,GJB4,R160H,SJDES004,SJDES004,,,Missense_Mutation,es_dfarber_broad_2014_mutations,es_dfarber_broad_2014,Transición,HVVACSVEP,9,sample1,19776.25621059539,HLA-A*02:01,0.0109479275706689,0.0052398571980201,46.22467391304348,GJB4,SJDES004,
1,35227334,35227334,G,A,SNP,GJB4,R160H,SJDES004,SJDES004,,,Missense_Mutation,es_dfarber_broad_2014_mutations,es_dfarber_broad_2014,Transición,PHVVACSVE,10,sample1,30986.624156752503,HLA-A*02:01,0.0014745302523806,0.003282262661859,99.28660326086955,GJB4,SJDES004,
1,35227334,35227334,G,A,SNP,GJB4,R160H,SJDES004,SJDES004,,,Missense_Mutation,es_dfarber_broad_2014_mutations,es_dfarber_broad_2014,Transición,MPHVVACSV,11,sample1,8208.694424338586,HLA-A*02:01,0.3440975630655885,0.0386652478236927,6.479157608695644,GJB4,SJDES004,
1,35227334,35227334,G,A,SNP,GJB4,R160H,SJDES004,SJDES004,,,Missense_Mutation,es_dfarber_broad_2014_mutations,es_dfarber_broad_2014,Transición,DMPHVVACS,12,sample1,20312.431208956696,HLA-A*02:01,0.0224636324201128,0.005317353336933,46.22467391304348,GJB4,SJDES004,
1,35227334,35227334,G,A,SNP,GJB4,R160H,SJDES004,SJDES004,,,Missense_Mutation,es_dfarber_broad_2014_mutations,es_dfarber_broad_2014,Transición,YDMPHVVAC,13,sample1,10644.257813930966,HLA-A*02:01,0.2711451789364218,0.0235711138688635,10.23198369565216,GJB4,SJDES004,
1,35227334,35227334,G,A,SNP,GJB4,R160H,SJDES004,SJDES004,,,Missense_Mutation,es_dfarber_broad_2014_mutations,es_dfarber_broad_2014,Transición,DYDMPHVVA,14,sample1,17894.361972459123,HLA-A*02:01,0.480789516121149,0.0296925942712395,8.269211956521715,GJB4,SJDES004,
1,35227334,35227334,G,A,SNP,GJB4,R160H,SJDES004,SJDES004,,,Missense_Mutation,es_dfarber_broad_2014_mutations,es_dfarber_broad_2014,Transición,KDYDMPHVV,15,sample1,1461.9499448953889,HLA-A*02:01,0.610560342669487,0.3555785665371014,1.1791847826086013,GJB4,SJDES004,
1,35227334,35227334,G,A,SNP,GJB4,R160H,SJDES004,SJDES004,,,Missense_Mutation,es_dfarber_broad_2014_mutations,es_dfarber_broad_2014,Transición,YKDYDMPHV,16,sample1,3804.4578157739697,HLA-A*02:01,0.2465650783851742,0.0567073053207874,4.585733695652138,GJB4,SJDES004,
1,35227334,35227334,G,A,SNP,GJB4,R160H,SJDES004,SJDES004,,,Missense_Mutation,es_dfarber_broad_2014_mutations,es_dfarber_broad_2014,Transición,LYKDYDMPH,17,sample1,29303.3807717625,HLA-A*02:01,0.0937881162390112,0.004796482387183,62.74467391304348,GJB4,SJDES004,
11,102080254,102080254,C,T,SNP,YAP1,R331W,SJDES004,SJDES004,,,Missense_Mutation,es_dfarber_broad_2014_mutations,es_dfarber_broad_2014,Transición,WNINPSTAN,18,sample1,28591.362005817155,HLA-A*02:01,0.007246464403579,0.0036210398929829,99.28660326086955,YAP1,SJDES004,
11,102080254,102080254,C,T,SNP,YAP1,R331W,SJDES004,SJDES004,,,Missense_Mutation,es_dfarber_broad_2014_mutations,es_dfarber_broad_2014,Transición,MWNINPSTA,19,sample1,17547.14978109525,HLA-A*02:01,0.0636265349457971,0.007078011846107,31.64317934782608,YAP1,SJDES004,
11,102080254,102080254,C,T,SNP,YAP1,R331W,SJDES004,SJDES004,,,Missense_Mutation,es_dfarber_broad_2014_mutations,es_dfarber_broad_2014,Transición,AMWNINPST,20,sample1,70.30097940936585,HLA-A*02:01,0.0747891732025891,0.6124377329045861,0.5923641304347171,YAP1,SJDES004,WB
11,102080254,102080254,C,T,SNP,YAP1,R331W,SJDES004,SJDES004,,,Missense_Mutation,es_dfarber_broad_2014_mutations,es_dfarber_broad_2014,Transición,QAMWNINPS,21,sample1,19934.83386213401,HLA-A*02:01,0.0075124921859242,0.0051370794875003,46.22467391304348,YAP1,SJDES004,
11,102080254,102080254,C,T,SNP,YAP1,R331W,SJDES004,SJDES004,,,Missense_Mutation,es_dfarber_broad_2014_mutations,es_dfarber_broad_2014,Transición,RQAMWNINP,22,sample1,21223.09483383721,HLA-A*02:01,0.5333322072401643,0.0302797208918739,8.01565217391304,YAP1,SJDES004,
11,102080254,102080254,C,T,SNP,YAP1,R331W,SJDES004,SJDES004,,,Missense_Mutation,es_dfarber_broad_2014_mutations,es_dfarber_broad_2014,Transición,LRQAMWNIN,23,sample1,31588.94925961295,HLA-A*02:01,0.0012411897823767,0.0032189997686653,99.28660326086955,YAP1,SJDES004,
11,102080254,102080254,C,T,SNP,YAP1,R331W,SJDES004,SJDES004,,,Missense_Mutation,es_dfarber_broad_2014_mutations,es_dfarber_broad_2014,Transición,LLRQAMWNI,24,sample1,127.04455936729217,HLA-A*02:01,0.0533409856725484,0.4518704637838203,0.9296739130433592,YAP1,SJDES004,WB
11,102080254,102080254,C,T,SNP,YAP1,R331W,SJDES004,SJDES004,,,Missense_Mutation,es_dfarber_broad_2014_mutations,es_dfarber_broad_2014,Transición,ELLRQAMWN,25,sample1,27492.77769054344,HLA-A*02:01,0.0025251001497963,0.003698906309,99.28660326086955,YAP1,SJDES004,
11,102080254,102080254,C,T,SNP,YAP1,R331W,SJDES004,SJDES004,,,Missense_Mutation,es_dfarber_broad_2014_mutations,es_dfarber_broad_2014,Transición,QELLRQAMW,26,sample1,25846.46549613919,HLA-A*02:01,0.7619379907846451,0.0547262712371278,4.732201086956479,YAP1,SJDES004,
4,159603535,159603535,G,C,SNP,ETFDH,G122R,SJDES004,SJDES004,,,Missense_Mutation,es_dfarber_broad_2014_mutations,es_dfarber_broad_2014,Transversión,RAFKELFPD,27,sample1,24331.84230771921,HLA-A*02:01,0.0193774880608543,0.0044175276581702,62.74467391304348,ETFDH,SJDES004,
4,159603535,159603535,G,C,SNP,ETFDH,G122R,SJDES004,SJDES004,,,Missense_Mutation,es_dfarber_broad_2014_mutations,es_dfarber_broad_2014,Transversión,PRAFKELFP,28,sample1,31273.28920715423,HLA-A*02:01,0.0152978405094472,0.0034156333665154,99.28660326086955,ETFDH,SJDES004,
4,159603535,159603535,G,C,SNP,ETFDH,G122R,SJDES004,SJDES004,,,Missense_Mutation,es_dfarber_broad_2014_mutations,es_dfarber_broad_2014,Transversión,DPRAFKELF,29,sample1,28259.76968598112,HLA-A*02:01,0.6418956443667412,0.0335509229859403,7.348016304347794,ETFDH,SJDES004,
4,159603535,159603535,G,C,SNP,ETFDH,G122R,SJDES004,SJDES004,,,Missense_Mutation,es_dfarber_broad_2014_mutations,es_dfarber_broad_2014,Transversión,LDPRAFKEL,30,sample1,13921.703272016335,HLA-A*02:01,0.1068808953277766,0.0102944039993389,22.19230978260869,ETFDH,SJDES004,
4,159603535,159603535,G,C,SNP,ETFDH,G122R,SJDES004,SJDES004,,,Missense_Mutation,es_dfarber_broad_2014_mutations,es_dfarber_broad_2014,Transversión,CLDPRAFKE,31,sample1,14701.406032512525,HLA-A*02:01,0.0110870839853305,0.0069802139136427,37.35904891304347,ETFDH,SJDES004,
4,159603535,159603535,G,C,SNP,ETFDH,G122R,SJDES004,SJDES004,,,Missense_Mutation,es_dfarber_broad_2014_mutations,es_dfarber_broad_2014,Transversión,ACLDPRAFK,32,sample1,23619.26191586717,HLA-A*02:01,0.0359313305816613,0.0048192488490809,62.74467391304348,ETFDH,SJDES004,
4,159603535,159603535,G,C,SNP,ETFDH,G122R,SJDES004,SJDES004,,,Missense_Mutation,es_dfarber_broad_2014_mutations,es_dfarber_broad_2014,Transversión,GACLDPRAF,33,sample1,21026.20651643206,HLA-A*02:01,0.0488328594947233,0.0056429045470048,46.22467391304348,ETFDH,SJDES004,
4,159603535,159603535,G,C,SNP,ETFDH,G122R,SJDES004,SJDES004,,,Missense_Mutation,es_dfarber_broad_2014_mutations,es_dfarber_broad_2014,Transversión,SGACLDPRA,34,sample1,16967.36583846556,HLA-A*02:01,0.0150313275371445,0.0061633156075766,37.35904891304347,ETFDH,SJDES004,
4,159603535,159603535,G,C,SNP,ETFDH,G122R,SJDES004,SJDES004,,,Missense_Mutation,es_dfarber_broad_2014_mutations,es_dfarber_broad_2014,Transversión,LSGACLDPR,35,sample1,18345.084007143843,HLA-A*02:01,0.0100005194544792,0.0056155129128114,46.22467391304348,ETFDH,SJDES004,
12,133732205,133732205,T,C,SNP,ZNF10,S125P,SJDES004,SJDES004,,,Missense_Mutation,es_dfarber_broad_2014_mutations,es_dfarber_broad_2014,Transición,PLEEVWKCR,36,sample1,24983.614785203405,HLA-A*02:01,0.0169983533414779,0.0042700840824995,62.74467391304348,ZNF10,SJDES004,
12,133732205,133732205,T,C,SNP,ZNF10,S125P,SJDES004,SJDES004,,,Missense_Mutation,es_dfarber_broad_2014_mutations,es_dfarber_broad_2014,Transición,LPLEEVWKC,37,sample1,15630.600083451283,HLA-A*02:01,0.2078243130818009,0.0131108064250368,17.305597826086952,ZNF10,SJDES004,
12,133732205,133732205,T,C,SNP,ZNF10,S125P,SJDES004,SJDES004,,,Missense_Mutation,es_dfarber_broad_2014_mutations,es_dfarber_broad_2014,Transición,YLPLEEVWK,38,sample1,13585.480054121885,HLA-A*02:01,0.0192760645004455,0.0077520383546638,31.64317934782608,ZNF10,SJDES004,
12,133732205,133732205,T,C,SNP,ZNF10,S125P,SJDES004,SJDES004,,,Missense_Mutation,es_dfarber_broad_2014_mutations,es_dfarber_broad_2014,Transición,WYLPLEEVW,39,sample1,25225.915265692314,HLA-A*02:01,0.6013388391584158,0.0324915085584174,7.558260869565203,ZNF10,SJDES004,
12,133732205,133732205,T,C,SNP,ZNF10,S125P,SJDES004,SJDES004,,,Missense_Mutation,es_dfarber_broad_2014_mutations,es_dfarber_broad_2014,Transición,LWYLPLEEV,40,sample1,7357.354854863216,HLA-A*02:01,0.0296067757299169,0.0144895246417719,16.15755434782608,ZNF10,SJDES004,
12,133732205,133732205,T,C,SNP,ZNF10,S125P,SJDES004,SJDES004,,,Missense_Mutation,es_dfarber_broad_2014_mutations,es_dfarber_broad_2014,Transición,DLWYLPLEE,41,sample1,20191.854840339933,HLA-A*02:01,0.2781626498326659,0.0131127777717177,17.305597826086952,ZNF10,SJDES004,
12,133732205,133732205,T,C,SNP,ZNF10,S125P,SJDES004,SJDES004,,,Missense_Mutation,es_dfarber_broad_2014_mutations,es_dfarber_broad_2014,Transición,NDLWYLPLE,42,sample1,27119.361617182258,HLA-A*02:01,0.0055850922653917,0.0037888298745342,99.28660326086955,ZNF10,SJDES004,
12,133732205,133732205,T,C,SNP,ZNF10,S125P,SJDES004,SJDES004,,,Missense_Mutation,es_dfarber_broad_2014_mutations,es_dfarber_broad_2014,Transición,RNDLWYLPL,43,sample1,9105.733247954604,HLA-A*02:01,0.0456359089585021,0.0124917450062725,18.61798913043478,ZNF10,SJDES004,
12,133732205,133732205,T,C,SNP,ZNF10,S125P,SJDES004,SJDES004,,,Missense_Mutation,es_dfarber_broad_2014_mutations,es_dfarber_broad_2014,Transición,ARNDLWYLP,44,sample1,28077.436193034624,HLA-A*02:01,0.4697736017405987,0.0186466373628984,12.805461956521723,ZNF10,SJDES004,
11,92532963,92532963,G,A,SNP,FAT3,D2262N,SJDES005,SJDES005,,,Missense_Mutation,es_dfarber_broad_2014_mutations,es_dfarber_broad_2014,Transición,NALTGARAE,45,sample1,27386.306469342668,HLA-A*02:01,0.0146041699117631,0.0038743096285323,99.28660326086955,FAT3,SJDES005,
11,92532963,92532963,G,A,SNP,FAT3,D2262N,SJDES005,SJDES005,,,Missense_Mutation,es_dfarber_broad_2014_mutations,es_dfarber_broad_2014,Transición,SNALTGARA,46,sample1,23026.418852194907,HLA-A*02:01,0.031861761053733,0.004868869129301,62.74467391304348,FAT3,SJDES005,
11,92532963,92532963,G,A,SNP,FAT3,D2262N,SJDES005,SJDES005,,,Missense_Mutation,es_dfarber_broad_2014_mutations,es_dfarber_broad_2014,Transición,ASNALTGAR,47,sample1,24126.381410746635,HLA-A*02:01,0.0477115443500224,0.0049212409003409,62.74467391304348,FAT3,SJDES005,
11,92532963,92532963,G,A,SNP,FAT3,D2262N,SJDES005,SJDES005,,,Missense_Mutation,es_dfarber_broad_2014_mutations,es_dfarber_broad_2014,Transición,RASNALTGA,48,sample1,4391.633991026231,HLA-A*02:01,0.012510300053691,0.0223351348500519,10.655842391304333,FAT3,SJDES005,
11,92532963,92532963,G,A,SNP,FAT3,D2262N,SJDES005,SJDES005,,,Missense_Mutation,es_dfarber_broad_2014_mutations,es_dfarber_broad_2014,Transición,IRASNALTG,49,sample1,28535.534371668797,HLA-A*02:01,0.0057262429618276,0.0036085051872686,99.28660326086955,FAT3,SJDES005,
11,92532963,92532963,G,A,SNP,FAT3,D2262N,SJDES005,SJDES005,,,Missense_Mutation,es_dfarber_broad_2014_mutations,es_dfarber_broad_2014,Transición,TIRASNALT,50,sample1,21424.02559407184,HLA-A*02:01,0.0050053666345775,0.0047494236411982,62.74467391304348,FAT3,SJDES005,
11,92532963,92532963,G,A,SNP,FAT3,D2262N,SJDES005,SJDES005,,,Missense_Mutation,es_dfarber_broad_2014_mutations,es_dfarber_broad_2014,Transición,LTIRASNAL,51,sample1,6446.922283914935,HLA-A*02:01,0.2245011804625392,0.0322374254680804,7.558260869565203,FAT3,SJDES005,
11,92532963,92532963,G,A,SNP,FAT3,D2262N,SJDES005,SJDES005,,,Missense_Mutation,es_dfarber_broad_2014_mutations,es_dfarber_broad_2014,Transición,KLTIRASNA,52,sample1,7615.49436830898,HLA-A*02:01,0.005944874646957,0.0129075761511481,18.61798913043478,FAT3,SJDES005,
11,92532963,92532963,G,A,SNP,FAT3,D2262N,SJDES005,SJDES005,,,Missense_Mutation,es_dfarber_broad_2014_mutations,es_dfarber_broad_2014,Transición,YKLTIRASN,53,sample1,32260.7344579591,HLA-A*02:01,0.0171900910063413,0.0033365633762459,99.28660326086955,FAT3,SJDES005,
17,35640173,35640173,T,C,SNP,ACACA,N202S,SJDES005,SJDES005,,,Missense_Mutation,es_dfarber_broad_2014_mutations,es_dfarber_broad_2014,Transición,SQAVWAGWG,54,sample1,22431.001600711195,HLA-A*02:01,0.0039435107100871,0.0045261665367836,62.74467391304348,ACACA,SJDES005,
17,35640173,35640173,T,C,SNP,ACACA,N202S,SJDES005,SJDES005,,,Missense_Mutation,es_dfarber_broad_2014_mutations,es_dfarber_broad_2014,Transición,PSQAVWAGW,55,sample1,27750.402645775637,HLA-A*02:01,0.0862811931874603,0.0049238317174041,62.74467391304348,ACACA,SJDES005,
17,35640173,35640173,T,C,SNP,ACACA,N202S,SJDES005,SJDES005,,,Missense_Mutation,es_dfarber_broad_2014_mutations,es_dfarber_broad_2014,Transición,IPSQAVWAG,56,sample1,25682.46302449449,HLA-A*02:01,0.0388968917541205,0.0044910814903494,62.74467391304348,ACACA,SJDES005,
17,35640173,35640173,T,C,SNP,ACACA,N202S,SJDES005,SJDES005,,,Missense_Mutation,es_dfarber_broad_2014_mutations,es_dfarber_broad_2014,Transición,RIPSQAVWA,57,sample1,3563.8086023579067,HLA-A*02:01,0.0170592263020807,0.0276517988317114,8.839293478260856,ACACA,SJDES005,
17,35640173,35640173,T,C,SNP,ACACA,N202S,SJDES005,SJDES005,,,Missense_Mutation,es_dfarber_broad_2014_mutations,es_dfarber_broad_2014,Transición,KRIPSQAVW,58,sample1,27560.55087560613,HLA-A*02:01,0.8388350158929825,0.0666434095478992,3.996902173913,ACACA,SJDES005,
17,35640173,35640173,T,C,SNP,ACACA,N202S,SJDES005,SJDES005,,,Missense_Mutation,es_dfarber_broad_2014_mutations,es_dfarber_broad_2014,Transición,AKRIPSQAV,59,sample1,24181.65571720465,HLA-A*02:01,0.7892178595066071,0.0636888277277632,4.157119565217343,ACACA,SJDES005,
17,35640173,35640173,T,C,SNP,ACACA,N202S,SJDES005,SJDES005,,,Missense_Mutation,es_dfarber_broad_2014_mutations,es_dfarber_broad_2014,Transición,IAKRIPSQA,60,sample1,19046.19964584846,HLA-A*02:01,0.0343566081137396,0.0059002223692608,46.22467391304348,ACACA,SJDES005,
17,35640173,35640173,T,C,SNP,ACACA,N202S,SJDES005,SJDES005,,,Missense_Mutation,es_dfarber_broad_2014_mutations,es_dfarber_broad_2014,Transición,DIAKRIPSQ,61,sample1,21916.407464048447,HLA-A*02:01,0.3170742290094495,0.0138858348954814,17.305597826086952,ACACA,SJDES005,
17,35640173,35640173,T,C,SNP,ACACA,N202S,SJDES005,SJDES005,,,Missense_Mutation,es_dfarber_broad_2014_mutations,es_dfarber_broad_2014,Transición,LDIAKRIPS,62,sample1,24657.47299055178,HLA-A*02:01,0.074235180625692,0.0052903447810678,46.22467391304348,ACACA,SJDES005,
12,121690505,121690505,A,G,SNP,CAMKK2,W374R,SJDES005,SJDES005,,,Missense_Mutation,es_dfarber_broad_2014_mutations,es_dfarber_broad_2014,Transición,RAMGVTLYC,63,sample1,3668.725266446898,HLA-A*02:01,0.0420208034338429,0.0293153839184694,8.269211956521715,CAMKK2,SJDES005,
12,121690505,121690505,A,G,SNP,CAMKK2,W374R,SJDES005,SJDES005,,,Missense_Mutation,es_dfarber_broad_2014_mutations,es_dfarber_broad_2014,Transición,VRAMGVTLY,64,sample1,27819.48346551067,HLA-A*02:01,0.1664119819179177,0.00651161932337,37.35904891304347,CAMKK2,SJDES005,
12,121690505,121690505,A,G,SNP,CAMKK2,W374R,SJDES005,SJDES005,,,Missense_Mutation,es_dfarber_broad_2014_mutations,es_dfarber_broad_2014,Transición,DVRAMGVTL,65,sample1,16035.832140918805,HLA-A*02:01,0.4772893097251653,0.0325281363495014,7.558260869565203,CAMKK2,SJDES005,
12,121690505,121690505,A,G,SNP,CAMKK2,W374R,SJDES005,SJDES005,,,Missense_Mutation,es_dfarber_broad_2014_mutations,es_dfarber_broad_2014,Transición,LDVRAMGVT,66,sample1,26910.975727324112,HLA-A*02:01,0.0029337321684579,0.0037817098595027,99.28660326086955,CAMKK2,SJDES005,
12,121690505,121690505,A,G,SNP,CAMKK2,W374R,SJDES005,SJDES005,,,Missense_Mutation,es_dfarber_broad_2014_mutations,es_dfarber_broad_2014,Transición,ALDVRAMGV,67,sample1,58.0856049793129,HLA-A*02:01,0.4287811405956745,0.8693745826249328,0.1704347826086802,CAMKK2,SJDES005,SB
12,121690505,121690505,A,G,SNP,CAMKK2,W374R,SJDES005,SJDES005,,,Missense_Mutation,es_dfarber_broad_2014_mutations,es_dfarber_broad_2014,Transición,KALDVRAMG,68,sample1,22085.362613871413,HLA-A*02:01,0.0429956429870799,0.0052718511846253,46.22467391304348,CAMKK2,SJDES005,
12,121690505,121690505,A,G,SNP,CAMKK2,W374R,SJDES005,SJDES005,,,Missense_Mutation,es_dfarber_broad_2014_mutations,es_dfarber_broad_2014,Transición,GKALDVRAM,69,sample1,26411.43552126637,HLA-A*02:01,0.6005165986716747,0.0310304491212932,8.01565217391304,CAMKK2,SJDES005,
12,121690505,121690505,A,G,SNP,CAMKK2,W374R,SJDES005,SJDES005,,,Missense_Mutation,es_dfarber_broad_2014_mutations,es_dfarber_broad_2014,Transición,SGKALDVRA,70,sample1,24962.058569368583,HLA-A*02:01,0.1608774056658148,0.0070900937720312,31.64317934782608,CAMKK2,SJDES005,
12,121690505,121690505,A,G,SNP,CAMKK2,W374R,SJDES005,SJDES005,,,Missense_Mutation,es_dfarber_broad_2014_mutations,es_dfarber_broad_2014,Transición,FSGKALDVR,71,sample1,21767.127927537367,HLA-A*02:01,0.0435624152305536,0.0053569760488073,46.22467391304348,CAMKK2,SJDES005,
1,248343553,248343553,G,A,SNP,OR2M2,S89N,SJDES005,SJDES005,,,Missense_Mutation,es_dfarber_broad_2014_mutations,es_dfarber_broad_2014,Transición,NKSISMAGC,72,sample1,30291.88530221308,HLA-A*02:01,0.0014225281811377,0.0033545000166646,99.28660326086955,OR2M2,SJDES005,
1,248343553,248343553,G,A,SNP,OR2M2,S89N,SJDES005,SJDES005,,,Missense_Mutation,es_dfarber_broad_2014_mutations,es_dfarber_broad_2014,Transición,GNKSISMAG,73,sample1,28819.548094349007,HLA-A*02:01,0.0015652325237169,0.0035220321266561,99.28660326086955,OR2M2,SJDES005,
1,248343553,248343553,G,A,SNP,OR2M2,S89N,SJDES005,SJDES005,,,Missense_Mutation,es_dfarber_broad_2014_mutations,es_dfarber_broad_2014,Transición,SGNKSISMA,74,sample1,20593.1308883288,HLA-A*02:01,0.0202167003881186,0.0052059717933455,46.22467391304348,OR2M2,SJDES005,
1,248343553,248343553,G,A,SNP,OR2M2,S89N,SJDES005,SJDES005,,,Missense_Mutation,es_dfarber_broad_2014_mutations,es_dfarber_broad_2014,Transición,LSGNKSISM,75,sample1,10994.004361093965,HLA-A*02:01,0.0249610927421599,0.0096958470495339,24.57923913043477,OR2M2,SJDES005,
1,248343553,248343553,G,A,SNP,OR2M2,S89N,SJDES005,SJDES005,,,Missense_Mutation,es_dfarber_broad_2014_mutations,es_dfarber_broad_2014,Transición,YLSGNKSIS,76,sample1,11055.0727100498,HLA-A*02:01,0.0048463862622156,0.0089877572440303,27.61739130434782,OR2M2,SJDES005,
1,248343553,248343553,G,A,SNP,OR2M2,S89N,SJDES005,SJDES005,,,Missense_Mutation,es_dfarber_broad_2014_mutations,es_dfarber_broad_2014,Transición,NYLSGNKSI,77,sample1,19530.229536298943,HLA-A*02:01,0.2458272124640643,0.0120923743112245,18.61798913043478,OR2M2,SJDES005,
1,248343553,248343553,G,A,SNP,OR2M2,S89N,SJDES005,SJDES005,,,Missense_Mutation,es_dfarber_broad_2014_mutations,es_dfarber_broad_2014,Transición,FNYLSGNKS,78,sample1,26891.165089559552,HLA-A*02:01,0.0295609666209202,0.0041567174179228,62.74467391304348,OR2M2,SJDES005,
1,248343553,248343553,G,A,SNP,OR2M2,S89N,SJDES005,SJDES005,,,Missense_Mutation,es_dfarber_broad_2014_mutations,es_dfarber_broad_2014,Transición,AFNYLSGNK,79,sample1,27159.307232990835,HLA-A*02:01,0.097002011432778,0.0052207133666932,46.22467391304348,OR2M2,SJDES005,
1,248343553,248343553,G,A,SNP,OR2M2,S89N,SJDES005,SJDES005,,,Missense_Mutation,es_dfarber_broad_2014_mutations,es_dfarber_broad_2014,Transición,MAFNYLSGN,80,sample1,22177.51762624768,HLA-A*02:01,0.0012658553823712,0.0045332255895191,62.74467391304348,OR2M2,SJDES005,
7,127251657,127251657,C,T,SNP,PAX4,C274Y,SJDES005,SJDES005,,,Missense_Mutation,es_dfarber_broad_2014_mutations,es_dfarber_broad_2014,Transición,YGPSCYQLC,81,sample1,18241.836469588885,HLA-A*02:01,0.0005668428693752,0.0054618750577437,46.22467391304348,PAX4,SJDES005,
7,127251657,127251657,C,T,SNP,PAX4,C274Y,SJDES005,SJDES005,,,Missense_Mutation,es_dfarber_broad_2014_mutations,es_dfarber_broad_2014,Transición,PYGPSCYQL,82,sample1,20087.245610903243,HLA-A*02:01,0.144022034946829,0.0082395976233325,27.61739130434782,PAX4,SJDES005,
7,127251657,127251657,C,T,SNP,PAX4,C274Y,SJDES005,SJDES005,,,Missense_Mutation,es_dfarber_broad_2014_mutations,es_dfarber_broad_2014,Transición,EPYGPSCYQ,83,sample1,28006.849991620424,HLA-A*02:01,0.0283340840396704,0.0039791820180679,99.28660326086955,PAX4,SJDES005,
7,127251657,127251657,C,T,SNP,PAX4,C274Y,SJDES005,SJDES005,,,Missense_Mutation,es_dfarber_broad_2014_mutations,es_dfarber_broad_2014,Transición,LEPYGPSCY,84,sample1,23302.712333490927,HLA-A*02:01,0.1976003912277519,0.0086184521580616,27.61739130434782,PAX4,SJDES005,
7,127251657,127251657,C,T,SNP,PAX4,C274Y,SJDES005,SJDES005,,,Missense_Mutation,es_dfarber_broad_2014_mutations,es_dfarber_broad_2014,Transición,ALEPYGPSC,85,sample1,1367.3736814771655,HLA-A*02:01,0.0021341534084058,0.0640238741690134,4.157119565217343,PAX4,SJDES005,
7,127251657,127251657,C,T,SNP,PAX4,C274Y,SJDES005,SJDES005,,,Missense_Mutation,es_dfarber_broad_2014_mutations,es_dfarber_broad_2014,Transición,PALEPYGPS,86,sample1,24323.1572560412,HLA-A*02:01,0.0016799759614514,0.0041519479051124,62.74467391304348,PAX4,SJDES005,
7,127251657,127251657,C,T,SNP,PAX4,C274Y,SJDES005,SJDES005,,,Missense_Mutation,es_dfarber_broad_2014_mutations,es_dfarber_broad_2014,Transición,LPALEPYGP,87,sample1,25083.29390690381,HLA-A*02:01,0.0339442185941152,0.0045153201398424,62.74467391304348,PAX4,SJDES005,
7,127251657,127251657,C,T,SNP,PAX4,C274Y,SJDES005,SJDES005,,,Missense_Mutation,es_dfarber_broad_2014_mutations,es_dfarber_broad_2014,Transición,ALPALEPYG,88,sample1,7890.677792143429,HLA-A*02:01,0.0122972116369055,0.0127555135471822,18.61798913043478,PAX4,SJDES005,
7,127251657,127251657,C,T,SNP,PAX4,C274Y,SJDES005,SJDES005,,,Missense_Mutation,es_dfarber_broad_2014_mutations,es_dfarber_broad_2014,Transición,AALPALEPY,89,sample1,13277.341344759476,HLA-A*02:01,0.053370990557596,0.0089323831707504,27.61739130434782,PAX4,SJDES005,
