Pos;Peptide;ID;nM;Rank;Core;H_Avg_Ranks;N_binders;Alelo
0;EFYQAVHNA;PEPLIST;25924.7;37;EFYQAVHNA;37;0;HLA-A0201
0;EEFYQAVHN;PEPLIST;39111.4;80;EEFYQAVHN;80;0;HLA-A0201
0;VAYSEDNPT;PEPLIST;21889.3;30;VAYSEDNPT;30;0;HLA-A0201
0;DVAYSEDNP;PEPLIST;44587.4;99;DVAYSEDNP;99;0;HLA-A0201
0;DDVAYSEDN;PEPLIST;44519;99;DDVAYSEDN;99;0;HLA-A0201
0;YDDVAYSED;PEPLIST;40836.4;85;YDDVAYSED;85;0;HLA-A0201
0;MYDDVAYSE;PEPLIST;31383.6;50;MYDDVAYSE;50;0;HLA-A0201
0;MMYDDVAYS;PEPLIST;22.6;0.3;MMYDDVAYS;0.3;1;HLA-A0201
0;VMMYDDVAY;PEPLIST;8381.7;14;VMMYDDVAY;14;0;HLA-A0201
0;VVMMYDDVA;PEPLIST;3051.1;7.5;VVMMYDDVA;7.5;0;HLA-A0201
0;IVVMMYDDV;PEPLIST;3994.4;8.5;IVVMMYDDV;8.5;0;HLA-A0201
0;IESQSSYME;PEPLIST;39004.5;80;IESQSSYME;80;0;HLA-A0201
0;EIESQSSYM;PEPLIST;28855.9;44;EIESQSSYM;44;0;HLA-A0201
0;IEIESQSSY;PEPLIST;38882.7;80;IEIESQSSY;80;0;HLA-A0201
0;KIEIESQSS;PEPLIST;33168.7;60;KIEIESQSS;60;0;HLA-A0201
0;IKIEIESQS;PEPLIST;37577.4;75;IKIEIESQS;75;0;HLA-A0201
0;EIKIEIESQ;PEPLIST;34241.1;60;EIKIEIESQ;60;0;HLA-A0201
0;NEIKIEIES;PEPLIST;35563.5;65;NEIKIEIES;65;0;HLA-A0201
0;KNEIKIEIE;PEPLIST;35598.9;65;KNEIKIEIE;65;0;HLA-A0201
0;TKNEIKIEI;PEPLIST;25811.7;37;TKNEIKIEI;37;0;HLA-A0201
0;LATKGPFPT;PEPLIST;13620.4;19;LATKGPFPT;19;0;HLA-A0201
0;DLATKGPFP;PEPLIST;35127.1;65;DLATKGPFP;65;0;HLA-A0201
0;MDLATKGPF;PEPLIST;34540;60;MDLATKGPF;60;0;HLA-A0201
0;TMDLATKGP;PEPLIST;29475.3;45;TMDLATKGP;45;0;HLA-A0201
0;PTMDLATKG;PEPLIST;39580.1;80;PTMDLATKG;80;0;HLA-A0201
0;TPTMDLATK;PEPLIST;34831.9;65;TPTMDLATK;65;0;HLA-A0201
0;ETPTMDLAT;PEPLIST;33452;60;ETPTMDLAT;60;0;HLA-A0201
0;SETPTMDLA;PEPLIST;30566.6;48;SETPTMDLA;48;0;HLA-A0201
0;PSETPTMDL;PEPLIST;36799.6;70;PSETPTMDL;70;0;HLA-A0201
0;RLGPACWLW;PEPLIST;7364.8;12;RLGPACWLW;12;0;HLA-A0201
0;IRLGPACWL;PEPLIST;21156.7;29;IRLGPACWL;29;0;HLA-A0201
0;EIRLGPACW;PEPLIST;31171.8;50;EIRLGPACW;50;0;HLA-A0201
0;EEIRLGPAC;PEPLIST;41453;90;EEIRLGPAC;90;0;HLA-A0201
0;EEEIRLGPA;PEPLIST;32826.7;55;EEEIRLGPA;55;0;HLA-A0201
0;PEEEIRLGP;PEPLIST;39430.9;80;PEEEIRLGP;80;0;HLA-A0201
0;SPEEEIRLG;PEPLIST;37429.3;75;SPEEEIRLG;75;0;HLA-A0201
0;HSPEEEIRL;PEPLIST;21021;29;HSPEEEIRL;29;0;HLA-A0201
0;YHSPEEEIR;PEPLIST;39878.4;85;YHSPEEEIR;85;0;HLA-A0201
0;WIQPNPNEV;PEPLIST;658.8;3.5;WIQPNPNEV;3.5;0;HLA-A0201
0;AWIQPNPNE;PEPLIST;43341.7;95;AWIQPNPNE;95;0;HLA-A0201
0;QAWIQPNPN;PEPLIST;33302.1;60;QAWIQPNPN;60;0;HLA-A0201
0;LQAWIQPNP;PEPLIST;25190.9;36;LQAWIQPNP;36;0;HLA-A0201
0;QLQAWIQPN;PEPLIST;13358.8;19;QLQAWIQPN;19;0;HLA-A0201
0;QQLQAWIQP;PEPLIST;23253.3;32;QQLQAWIQP;32;0;HLA-A0201
0;QQQLQAWIQ;PEPLIST;27106;40;QQQLQAWIQ;40;0;HLA-A0201
0;SQQQLQAWI;PEPLIST;3967.8;8.5;SQQQLQAWI;8.5;0;HLA-A0201
0;ESQQQLQAW;PEPLIST;34245.2;60;ESQQQLQAW;60;0;HLA-A0201
0;LIYLQPSSS;PEPLIST;20662.2;28;LIYLQPSSS;28;0;HLA-A0201
0;ILIYLQPSS;PEPLIST;1275;4.5;ILIYLQPSS;4.5;0;HLA-A0201
0;VILIYLQPS;PEPLIST;3614.4;8;VILIYLQPS;8;0;HLA-A0201
0;TVILIYLQP;PEPLIST;14396.6;20;TVILIYLQP;20;0;HLA-A0201
0;GTVILIYLQ;PEPLIST;11262.6;17;GTVILIYLQ;17;0;HLA-A0201
0;YGTVILIYL;PEPLIST;3234.8;7.5;YGTVILIYL;7.5;0;HLA-A0201
0;FYGTVILIY;PEPLIST;15477.3;21;FYGTVILIY;21;0;HLA-A0201
0;VFYGTVILI;PEPLIST;2138.8;6;VFYGTVILI;6;0;HLA-A0201
0;SVFYGTVIL;PEPLIST;376.3;2.5;SVFYGTVIL;2.5;0;HLA-A0201
0;VQQPAVHVQ;PEPLIST;30777.6;49;VQQPAVHVQ;49;0;HLA-A0201
0;TVQQPAVHV;PEPLIST;8953.1;14;TVQQPAVHV;14;0;HLA-A0201
0;VTVQQPAVH;PEPLIST;37764.9;75;VTVQQPAVH;75;0;HLA-A0201
0;QVTVQQPAV;PEPLIST;11168.1;17;QVTVQQPAV;17;0;HLA-A0201
0;PQVTVQQPA;PEPLIST;28752.7;44;PQVTVQQPA;44;0;HLA-A0201
0;QPQVTVQQP;PEPLIST;36037.2;70;QPQVTVQQP;70;0;HLA-A0201
0;AQPQVTVQQ;PEPLIST;28301.5;43;AQPQVTVQQ;43;0;HLA-A0201
0;NAQPQVTVQ;PEPLIST;37583.5;75;NAQPQVTVQ;75;0;HLA-A0201
0;LNAQPQVTV;PEPLIST;22082.2;31;LNAQPQVTV;31;0;HLA-A0201
0;EHFTVQIND;PEPLIST;38529.7;80;EHFTVQIND;80;0;HLA-A0201
0;VEHFTVQIN;PEPLIST;34349.9;60;VEHFTVQIN;60;0;HLA-A0201
0;TVEHFTVQI;PEPLIST;7975.9;13;TVEHFTVQI;13;0;HLA-A0201
0;STVEHFTVQ;PEPLIST;29402.7;45;STVEHFTVQ;45;0;HLA-A0201
0;LSTVEHFTV;PEPLIST;8286.1;13;LSTVEHFTV;13;0;HLA-A0201
0;SLSTVEHFT;PEPLIST;433.6;2.5;SLSTVEHFT;2.5;0;HLA-A0201
0;PSLSTVEHF;PEPLIST;29366.1;45;PSLSTVEHF;45;0;HLA-A0201
0;TPSLSTVEH;PEPLIST;37474.3;75;TPSLSTVEH;75;0;HLA-A0201
0;GTPSLSTVE;PEPLIST;39169;80;GTPSLSTVE;80;0;HLA-A0201
0;LPQDLHLPL;PEPLIST;17736.2;24;LPQDLHLPL;24;0;HLA-A0201
0;LLPQDLHLP;PEPLIST;11158.8;17;LLPQDLHLP;17;0;HLA-A0201
0;LLLPQDLHL;PEPLIST;50.8;0.7;LLLPQDLHL;0.7;1;HLA-A0201
0;SLLLPQDLH;PEPLIST;21683.3;30;SLLLPQDLH;30;0;HLA-A0201
0;YSLLLPQDL;PEPLIST;6150.2;11;YSLLLPQDL;11;0;HLA-A0201
0;NYSLLLPQD;PEPLIST;35180;65;NYSLLLPQD;65;0;HLA-A0201
0;VNYSLLLPQ;PEPLIST;22096.3;31;VNYSLLLPQ;31;0;HLA-A0201
0;QVNYSLLLP;PEPLIST;21722.7;30;QVNYSLLLP;30;0;HLA-A0201
0;AQVNYSLLL;PEPLIST;239.5;1.8;AQVNYSLLL;1.8;1;HLA-A0201
0;AADVNDNPP;PEPLIST;37100.7;70;AADVNDNPP;70;0;HLA-A0201
0;KAADVNDNP;PEPLIST;35059.9;65;KAADVNDNP;65;0;HLA-A0201
0;LKAADVNDN;PEPLIST;42731.3;95;LKAADVNDN;95;0;HLA-A0201
0;PLKAADVND;PEPLIST;40216;85;PLKAADVND;85;0;HLA-A0201
0;IPLKAADVN;PEPLIST;41250.7;90;IPLKAADVN;90;0;HLA-A0201
0;HIPLKAADV;PEPLIST;11007.2;16;HIPLKAADV;16;0;HLA-A0201
0;SHIPLKAAD;PEPLIST;42038.8;90;SHIPLKAAD;90;0;HLA-A0201
0;ESHIPLKAA;PEPLIST;31140.4;50;ESHIPLKAA;50;0;HLA-A0201
0;TESHIPLKA;PEPLIST;30686.5;48;TESHIPLKA;48;0;HLA-A0201
0;SGQGIYSVK;PEPLIST;36342.2;70;SGQGIYSVK;70;0;HLA-A0201
0;ASGQGIYSV;PEPLIST;1884.6;5.5;ASGQGIYSV;5.5;0;HLA-A0201
0;LASGQGIYS;PEPLIST;27676.4;41;LASGQGIYS;41;0;HLA-A0201
0;SLASGQGIY;PEPLIST;24679.6;35;SLASGQGIY;35;0;HLA-A0201
0;PSLASGQGI;PEPLIST;36667.3;70;PSLASGQGI;70;0;HLA-A0201
0;LPSLASGQG;PEPLIST;40032.3;85;LPSLASGQG;85;0;HLA-A0201
0;GLPSLASGQ;PEPLIST;25517.6;37;GLPSLASGQ;37;0;HLA-A0201
0;GGLPSLASG;PEPLIST;33159;60;GGLPSLASG;60;0;HLA-A0201
0;RGGLPSLAS;PEPLIST;33144.7;60;RGGLPSLAS;60;0;HLA-A0201
0;HSRIARTLG;PEPLIST;38532.2;80;HSRIARTLG;80;0;HLA-A0201
0;THSRIARTL;PEPLIST;33796.2;60;THSRIARTL;60;0;HLA-A0201
0;TTHSRIART;PEPLIST;25048.2;36;TTHSRIART;36;0;HLA-A0201
0;ATTHSRIAR;PEPLIST;39015.5;80;ATTHSRIAR;80;0;HLA-A0201
0;EATTHSRIA;PEPLIST;41998.8;90;EATTHSRIA;90;0;HLA-A0201
0;SEATTHSRI;PEPLIST;37505.1;75;SEATTHSRI;75;0;HLA-A0201
0;KSEATTHSR;PEPLIST;37525.8;75;KSEATTHSR;75;0;HLA-A0201
0;VKSEATTHS;PEPLIST;39361;80;VKSEATTHS;80;0;HLA-A0201
0;KVKSEATTH;PEPLIST;39326.5;80;KVKSEATTH;80;0;HLA-A0201
0;WKTRRERNK;PEPLIST;45866.5;99;WKTRRERNK;99;0;HLA-A0201
0;RWKTRRERN;PEPLIST;45257.7;99;RWKTRRERN;99;0;HLA-A0201
0;RRWKTRRER;PEPLIST;40955;90;RRWKTRRER;90;0;HLA-A0201
0;VRRWKTRRE;PEPLIST;42256.3;95;VRRWKTRRE;95;0;HLA-A0201
0;RVRRWKTRR;PEPLIST;40561.2;85;RVRRWKTRR;85;0;HLA-A0201
0;GRVRRWKTR;PEPLIST;43095.3;95;GRVRRWKTR;95;0;HLA-A0201
0;PGRVRRWKT;PEPLIST;42162.7;90;PGRVRRWKT;90;0;HLA-A0201
0;KPGRVRRWK;PEPLIST;41559.4;90;KPGRVRRWK;90;0;HLA-A0201
0;EKPGRVRRW;PEPLIST;38620.2;80;EKPGRVRRW;80;0;HLA-A0201
0;NVNPDRLCH;PEPLIST;38927.3;80;NVNPDRLCH;80;0;HLA-A0201
0;PNVNPDRLC;PEPLIST;44341.1;99;PNVNPDRLC;99;0;HLA-A0201
0;PPNVNPDRL;PEPLIST;40077.8;85;PPNVNPDRL;85;0;HLA-A0201
0;RPPNVNPDR;PEPLIST;41918.4;90;RPPNVNPDR;90;0;HLA-A0201
0;TRPPNVNPD;PEPLIST;42761.8;95;TRPPNVNPD;95;0;HLA-A0201
0;ETRPPNVNP;PEPLIST;40963;90;ETRPPNVNP;90;0;HLA-A0201
0;EETRPPNVN;PEPLIST;45874.4;99;EETRPPNVN;99;0;HLA-A0201
0;SEETRPPNV;PEPLIST;30750;49;SEETRPPNV;49;0;HLA-A0201
0;SSEETRPPN;PEPLIST;42054.7;90;SSEETRPPN;90;0;HLA-A0201
0;QEADDGCAL;PEPLIST;31606.1;55;QEADDGCAL;55;0;HLA-A0201
0;GQEADDGCA;PEPLIST;31459.1;55;GQEADDGCA;55;0;HLA-A0201
0;TGQEADDGC;PEPLIST;41980.2;90;TGQEADDGC;90;0;HLA-A0201
0;DTGQEADDG;PEPLIST;43915.7;99;DTGQEADDG;99;0;HLA-A0201
0;QDTGQEADD;PEPLIST;45877.9;99;QDTGQEADD;99;0;HLA-A0201
0;DQDTGQEAD;PEPLIST;43573;95;DQDTGQEAD;95;0;HLA-A0201
0;GDQDTGQEA;PEPLIST;38590.2;80;GDQDTGQEA;80;0;HLA-A0201
0;QGDQDTGQE;PEPLIST;43282.2;95;QGDQDTGQE;95;0;HLA-A0201
0;PQGDQDTGQ;PEPLIST;43515.1;95;PQGDQDTGQ;95;0;HLA-A0201
0;IYSSQSQVL;PEPLIST;30787.6;49;IYSSQSQVL;49;0;HLA-A0201
0;VIYSSQSQV;PEPLIST;516.6;3;VIYSSQSQV;3;0;HLA-A0201
0;QVIYSSQSQ;PEPLIST;38233.2;75;QVIYSSQSQ;75;0;HLA-A0201
0;TQVIYSSQS;PEPLIST;29332.5;45;TQVIYSSQS;45;0;HLA-A0201
0;QTQVIYSSQ;PEPLIST;33209.3;60;QTQVIYSSQ;60;0;HLA-A0201
0;SQTQVIYSS;PEPLIST;8655.6;14;SQTQVIYSS;14;0;HLA-A0201
0;VSQTQVIYS;PEPLIST;24932.7;36;VSQTQVIYS;36;0;HLA-A0201
0;PVSQTQVIY;PEPLIST;35360.9;65;PVSQTQVIY;65;0;HLA-A0201
0;SPVSQTQVI;PEPLIST;34843.2;65;SPVSQTQVI;65;0;HLA-A0201
0;RDIVQWLNA;PEPLIST;25382.1;36;RDIVQWLNA;36;0;HLA-A0201
0;VRDIVQWLN;PEPLIST;28675.4;43;VRDIVQWLN;43;0;HLA-A0201
0;LVRDIVQWL;PEPLIST;4432.7;9;LVRDIVQWL;9;0;HLA-A0201
0;DLVRDIVQW;PEPLIST;22540.6;31;DLVRDIVQW;31;0;HLA-A0201
0;EDLVRDIVQ;PEPLIST;38765.1;80;EDLVRDIVQ;80;0;HLA-A0201
0;LEDLVRDIV;PEPLIST;20040;27;LEDLVRDIV;27;0;HLA-A0201
0;YLEDLVRDI;PEPLIST;444.1;2.5;YLEDLVRDI;2.5;0;HLA-A0201
0;GYLEDLVRD;PEPLIST;35342.5;65;GYLEDLVRD;65;0;HLA-A0201
0;QGYLEDLVR;PEPLIST;32014;55;QGYLEDLVR;55;0;HLA-A0201
0;PWGAILHSA;PEPLIST;29220.6;45;PWGAILHSA;45;0;HLA-A0201
0;LPWGAILHS;PEPLIST;19403.3;27;LPWGAILHS;27;0;HLA-A0201
0;RLPWGAILH;PEPLIST;16143;22;RLPWGAILH;22;0;HLA-A0201
0;LRLPWGAIL;PEPLIST;17553.7;24;LRLPWGAIL;24;0;HLA-A0201
0;HLRLPWGAI;PEPLIST;11743.7;17;HLRLPWGAI;17;0;HLA-A0201
0;LHLRLPWGA;PEPLIST;19699.3;27;LHLRLPWGA;27;0;HLA-A0201
0;YLHLRLPWG;PEPLIST;2123.4;6;YLHLRLPWG;6;0;HLA-A0201
0;LYLHLRLPW;PEPLIST;25133.4;36;LYLHLRLPW;36;0;HLA-A0201
0;WLYLHLRLP;PEPLIST;6655.6;12;WLYLHLRLP;12;0;HLA-A0201
0;GFGRKFVLR;PEPLIST;32843.7;55;GFGRKFVLR;55;0;HLA-A0201
0;DGFGRKFVL;PEPLIST;28664.5;43;DGFGRKFVL;43;0;HLA-A0201
0;SDGFGRKFV;PEPLIST;34517.5;60;SDGFGRKFV;60;0;HLA-A0201
0;LSDGFGRKF;PEPLIST;29292.8;45;LSDGFGRKF;45;0;HLA-A0201
0;HLSDGFGRK;PEPLIST;27817.2;41;HLSDGFGRK;41;0;HLA-A0201
0;GHLSDGFGR;PEPLIST;38849.5;80;GHLSDGFGR;80;0;HLA-A0201
0;YGHLSDGFG;PEPLIST;35589.3;65;YGHLSDGFG;65;0;HLA-A0201
0;LYGHLSDGF;PEPLIST;33036.6;55;LYGHLSDGF;55;0;HLA-A0201
0;NLYGHLSDG;PEPLIST;13443.7;19;NLYGHLSDG;19;0;HLA-A0201
0;LFEIGPGPI;PEPLIST;25282.3;36;LFEIGPGPI;36;0;HLA-A0201
0;ALFEIGPGP;PEPLIST;2029.4;6;ALFEIGPGP;6;0;HLA-A0201
0;VALFEIGPG;PEPLIST;27060.2;40;VALFEIGPG;40;0;HLA-A0201
0;FVALFEIGP;PEPLIST;8566.6;14;FVALFEIGP;14;0;HLA-A0201
0;GFVALFEIG;PEPLIST;22746.2;32;GFVALFEIG;32;0;HLA-A0201
0;FGFVALFEI;PEPLIST;607.5;3;FGFVALFEI;3;0;HLA-A0201
0;IFGFVALFE;PEPLIST;18247.2;25;IFGFVALFE;25;0;HLA-A0201
0;AIFGFVALF;PEPLIST;1514;5;AIFGFVALF;5;0;HLA-A0201
0;VAIFGFVAL;PEPLIST;2566.2;6.5;VAIFGFVAL;6.5;0;HLA-A0201
0;EFTTGMCVI;PEPLIST;29464.1;45;EFTTGMCVI;45;0;HLA-A0201
0;AEFTTGMCV;PEPLIST;11262.4;17;AEFTTGMCV;17;0;HLA-A0201
0;QAEFTTGMC;PEPLIST;33775;60;QAEFTTGMC;60;0;HLA-A0201
0;KQAEFTTGM;PEPLIST;143.6;1.3;KQAEFTTGM;1.3;1;HLA-A0201
0;IKQAEFTTG;PEPLIST;36738.4;70;IKQAEFTTG;70;0;HLA-A0201
0;GIKQAEFTT;PEPLIST;24060.6;34;GIKQAEFTT;34;0;HLA-A0201
0;WGIKQAEFT;PEPLIST;33669.5;60;WGIKQAEFT;60;0;HLA-A0201
0;PWGIKQAEF;PEPLIST;39090.7;80;PWGIKQAEF;80;0;HLA-A0201
0;IPWGIKQAE;PEPLIST;35298.6;65;IPWGIKQAE;65;0;HLA-A0201
0;VWFAAASSE;PEPLIST;35200.9;65;VWFAAASSE;65;0;HLA-A0201
0;NVWFAAASS;PEPLIST;13224;19;NVWFAAASS;19;0;HLA-A0201
0;SNVWFAAAS;PEPLIST;26111.7;38;SNVWFAAAS;38;0;HLA-A0201
0;ASNVWFAAA;PEPLIST;9467.3;15;ASNVWFAAA;15;0;HLA-A0201
0;YASNVWFAA;PEPLIST;246.5;1.8;YASNVWFAA;1.8;1;HLA-A0201
0;QYASNVWFA;PEPLIST;11998.2;17;QYASNVWFA;17;0;HLA-A0201
0;AQYASNVWF;PEPLIST;8015.1;13;AQYASNVWF;13;0;HLA-A0201
0;TAQYASNVW;PEPLIST;34682.6;65;TAQYASNVW;65;0;HLA-A0201
0;STAQYASNV;PEPLIST;1756;5.5;STAQYASNV;5.5;0;HLA-A0201
0;VYSKGVSHS;PEPLIST;38897.9;80;VYSKGVSHS;80;0;HLA-A0201
0;VVYSKGVSH;PEPLIST;30909.5;49;VVYSKGVSH;49;0;HLA-A0201
0;AVVYSKGVS;PEPLIST;40674.6;85;AVVYSKGVS;85;0;HLA-A0201
0;AAVVYSKGV;PEPLIST;12466;18;AAVVYSKGV;18;0;HLA-A0201
0;GAAVVYSKG;PEPLIST;34993.6;65;GAAVVYSKG;65;0;HLA-A0201
0;TGAAVVYSK;PEPLIST;29975.7;47;TGAAVVYSK;47;0;HLA-A0201
0;YTGAAVVYS;PEPLIST;5402.5;10;YTGAAVVYS;10;0;HLA-A0201
0;DYTGAAVVY;PEPLIST;34483.9;60;DYTGAAVVY;60;0;HLA-A0201
0;KDYTGAAVV;PEPLIST;14992.4;21;KDYTGAAVV;21;0;HLA-A0201
0;IGAVQMLKR;PEPLIST;33112.4;60;IGAVQMLKR;60;0;HLA-A0201
0;YIGAVQMLK;PEPLIST;12307.4;18;YIGAVQMLK;18;0;HLA-A0201
0;KYIGAVQML;PEPLIST;11694.9;17;KYIGAVQML;17;0;HLA-A0201
0;KKYIGAVQM;PEPLIST;18946.5;26;KKYIGAVQM;26;0;HLA-A0201
0;LKKYIGAVQ;PEPLIST;36232.3;70;LKKYIGAVQ;70;0;HLA-A0201
0;QLKKYIGAV;PEPLIST;1774.4;5.5;QLKKYIGAV;5.5;0;HLA-A0201
0;VQLKKYIGA;PEPLIST;3629.8;8;VQLKKYIGA;8;0;HLA-A0201
0;KVQLKKYIG;PEPLIST;35422.1;65;KVQLKKYIG;65;0;HLA-A0201
0;LKVQLKKYI;PEPLIST;32901.4;55;LKVQLKKYI;55;0;HLA-A0201
0;ELTSGQLLM;PEPLIST;6494.9;12;ELTSGQLLM;12;0;HLA-A0201
0;EELTSGQLL;PEPLIST;34174.2;60;EELTSGQLL;60;0;HLA-A0201
0;TEELTSGQL;PEPLIST;33712.2;60;TEELTSGQL;60;0;HLA-A0201
0;ATEELTSGQ;PEPLIST;34704;65;ATEELTSGQ;65;0;HLA-A0201
0;GATEELTSG;PEPLIST;34095.9;60;GATEELTSG;60;0;HLA-A0201
0;LGATEELTS;PEPLIST;38619.4;80;LGATEELTS;80;0;HLA-A0201
0;VLGATEELT;PEPLIST;6479.2;12;VLGATEELT;12;0;HLA-A0201
0;PVLGATEEL;PEPLIST;19166.5;26;PVLGATEEL;26;0;HLA-A0201
0;EPVLGATEE;PEPLIST;41494.2;90;EPVLGATEE;90;0;HLA-A0201
0;GARAGPRLI;PEPLIST;28881.8;44;GARAGPRLI;44;0;HLA-A0201
0;IGARAGPRL;PEPLIST;33933.2;60;IGARAGPRL;60;0;HLA-A0201
0;GIGARAGPR;PEPLIST;36181.4;70;GIGARAGPR;70;0;HLA-A0201
0;AGIGARAGP;PEPLIST;41488.9;90;AGIGARAGP;90;0;HLA-A0201
0;KAGIGARAG;PEPLIST;37086.2;70;KAGIGARAG;70;0;HLA-A0201
0;NKAGIGARA;PEPLIST;33303.9;60;NKAGIGARA;60;0;HLA-A0201
0;KNKAGIGAR;PEPLIST;39427.1;80;KNKAGIGAR;80;0;HLA-A0201
0;HKNKAGIGA;PEPLIST;35704.2;65;HKNKAGIGA;65;0;HLA-A0201
0;WHKNKAGIG;PEPLIST;43852.6;99;WHKNKAGIG;99;0;HLA-A0201
0;RYKPRFVHT;PEPLIST;34185.6;60;RYKPRFVHT;60;0;HLA-A0201
0;PRYKPRFVH;PEPLIST;42219.3;95;PRYKPRFVH;95;0;HLA-A0201
0;TPRYKPRFV;PEPLIST;33951.5;60;TPRYKPRFV;60;0;HLA-A0201
0;GTPRYKPRF;PEPLIST;38440.2;80;GTPRYKPRF;80;0;HLA-A0201
0;QGTPRYKPR;PEPLIST;42047.4;90;QGTPRYKPR;90;0;HLA-A0201
0;NQGTPRYKP;PEPLIST;41685.5;90;NQGTPRYKP;90;0;HLA-A0201
0;RNQGTPRYK;PEPLIST;39177.1;80;RNQGTPRYK;80;0;HLA-A0201
0;LRNQGTPRY;PEPLIST;38447.2;80;LRNQGTPRY;80;0;HLA-A0201
0;FLRNQGTPR;PEPLIST;23090.6;32;FLRNQGTPR;32;0;HLA-A0201
0;IDFPDGCLG;PEPLIST;33776;60;IDFPDGCLG;60;0;HLA-A0201
0;EIDFPDGCL;PEPLIST;26766.1;39;EIDFPDGCL;39;0;HLA-A0201
0;SEIDFPDGC;PEPLIST;32865.8;55;SEIDFPDGC;55;0;HLA-A0201
0;KSEIDFPDG;PEPLIST;36680.8;70;KSEIDFPDG;70;0;HLA-A0201
0;DKSEIDFPD;PEPLIST;39243.2;80;DKSEIDFPD;80;0;HLA-A0201
0;EDKSEIDFP;PEPLIST;41154.9;90;EDKSEIDFP;90;0;HLA-A0201
0;PEDKSEIDF;PEPLIST;38992.2;80;PEDKSEIDF;80;0;HLA-A0201
0;FPEDKSEID;PEPLIST;42074.7;90;FPEDKSEID;90;0;HLA-A0201
0;KFPEDKSEI;PEPLIST;29013.3;44;KFPEDKSEI;44;0;HLA-A0201
0;FELIRLQHQ;PEPLIST;22578;31;FELIRLQHQ;31;0;HLA-A0201
0;RFELIRLQH;PEPLIST;29008;44;RFELIRLQH;44;0;HLA-A0201
0;MRFELIRLQ;PEPLIST;22093.7;31;MRFELIRLQ;31;0;HLA-A0201
0;KMRFELIRL;PEPLIST;1006.9;4;KMRFELIRL;4;0;HLA-A0201
0;QKMRFELIR;PEPLIST;34635.8;65;QKMRFELIR;65;0;HLA-A0201
0;IQKMRFELI;PEPLIST;9672.3;15;IQKMRFELI;15;0;HLA-A0201
0;TIQKMRFEL;PEPLIST;3372.1;7.5;TIQKMRFEL;7.5;0;HLA-A0201
0;NTIQKMRFE;PEPLIST;35997.8;70;NTIQKMRFE;70;0;HLA-A0201
0;LNTIQKMRF;PEPLIST;35593.9;65;LNTIQKMRF;65;0;HLA-A0201
0;APTRQLTFN;PEPLIST;41786.2;90;APTRQLTFN;90;0;HLA-A0201
0;PAPTRQLTF;PEPLIST;37557.9;75;PAPTRQLTF;75;0;HLA-A0201
0;SPAPTRQLT;PEPLIST;40363.7;85;SPAPTRQLT;85;0;HLA-A0201
0;VSPAPTRQL;PEPLIST;29550.3;46;VSPAPTRQL;46;0;HLA-A0201
0;AVSPAPTRQ;PEPLIST;35861.8;65;AVSPAPTRQ;65;0;HLA-A0201
0;AAVSPAPTR;PEPLIST;38323.4;75;AAVSPAPTR;75;0;HLA-A0201
0;PAAVSPAPT;PEPLIST;38500.9;80;PAAVSPAPT;80;0;HLA-A0201
0;NPAAVSPAP;PEPLIST;39067;80;NPAAVSPAP;80;0;HLA-A0201
0;DNPAAVSPA;PEPLIST;37968.5;75;DNPAAVSPA;75;0;HLA-A0201
0;RANLENKLL;PEPLIST;25771.8;37;RANLENKLL;37;0;HLA-A0201
0;ERANLENKL;PEPLIST;40874.4;90;ERANLENKL;90;0;HLA-A0201
0;EERANLENK;PEPLIST;37975.9;75;EERANLENK;75;0;HLA-A0201
0;FEERANLEN;PEPLIST;40246.4;85;FEERANLEN;85;0;HLA-A0201
0;WFEERANLE;PEPLIST;36727.2;70;WFEERANLE;70;0;HLA-A0201
0;SWFEERANL;PEPLIST;15762.1;22;SWFEERANL;22;0;HLA-A0201
0;DSWFEERAN;PEPLIST;41160.2;90;DSWFEERAN;90;0;HLA-A0201
0;IDSWFEERA;PEPLIST;28380.3;43;IDSWFEERA;43;0;HLA-A0201
0;NIDSWFEER;PEPLIST;24866.2;35;NIDSWFEER;35;0;HLA-A0201
0;AKNKVFQEA;PEPLIST;28431.9;43;AKNKVFQEA;43;0;HLA-A0201
0;EAKNKVFQE;PEPLIST;39528.8;80;EAKNKVFQE;80;0;HLA-A0201
0;LEAKNKVFQ;PEPLIST;41384.9;90;LEAKNKVFQ;90;0;HLA-A0201
0;SLEAKNKVF;PEPLIST;25335.8;36;SLEAKNKVF;36;0;HLA-A0201
0;VSLEAKNKV;PEPLIST;14975.4;21;VSLEAKNKV;21;0;HLA-A0201
0;CVSLEAKNK;PEPLIST;36224.8;70;CVSLEAKNK;70;0;HLA-A0201
0;RCVSLEAKN;PEPLIST;40917.8;90;RCVSLEAKN;90;0;HLA-A0201
0;QRCVSLEAK;PEPLIST;32294.7;55;QRCVSLEAK;55;0;HLA-A0201
0;LQRCVSLEA;PEPLIST;7130.6;12;LQRCVSLEA;12;0;HLA-A0201
0;TCTCFNCCS;PEPLIST;34341;60;TCTCFNCCS;60;0;HLA-A0201
0;ETCTCFNCC;PEPLIST;25515.9;37;ETCTCFNCC;37;0;HLA-A0201
0;VETCTCFNC;PEPLIST;24014.3;34;VETCTCFNC;34;0;HLA-A0201
0;GVETCTCFN;PEPLIST;33180.9;60;GVETCTCFN;60;0;HLA-A0201
0;IGVETCTCF;PEPLIST;21900.7;30;IGVETCTCF;30;0;HLA-A0201
0;SIGVETCTC;PEPLIST;22489.7;31;SIGVETCTC;31;0;HLA-A0201
0;YSIGVETCT;PEPLIST;13361.1;19;YSIGVETCT;19;0;HLA-A0201
0;NYSIGVETC;PEPLIST;28836.8;44;NYSIGVETC;44;0;HLA-A0201
0;TNYSIGVET;PEPLIST;29490;45;TNYSIGVET;45;0;HLA-A0201
0;RPTPVKPNY;PEPLIST;38725.3;80;RPTPVKPNY;80;0;HLA-A0201
0;SRPTPVKPN;PEPLIST;42893.8;95;SRPTPVKPN;95;0;HLA-A0201
0;QSRPTPVKP;PEPLIST;37735.1;75;QSRPTPVKP;75;0;HLA-A0201
0;TQSRPTPVK;PEPLIST;40198.1;85;TQSRPTPVK;85;0;HLA-A0201
0;ATQSRPTPV;PEPLIST;1968.4;6;ATQSRPTPV;6;0;HLA-A0201
0;SATQSRPTP;PEPLIST;42478.7;95;SATQSRPTP;95;0;HLA-A0201
0;SSATQSRPT;PEPLIST;36851.4;70;SSATQSRPT;70;0;HLA-A0201
0;SSSATQSRP;PEPLIST;41976.1;90;SSSATQSRP;90;0;HLA-A0201
0;PSSSATQSR;PEPLIST;42717.4;95;PSSSATQSR;95;0;HLA-A0201
0;TEVSHRRTC;PEPLIST;43972.8;99;TEVSHRRTC;99;0;HLA-A0201
0;GTEVSHRRT;PEPLIST;41276.6;90;GTEVSHRRT;90;0;HLA-A0201
0;VGTEVSHRR;PEPLIST;37867.2;75;VGTEVSHRR;75;0;HLA-A0201
0;GVGTEVSHR;PEPLIST;36934.1;70;GVGTEVSHR;70;0;HLA-A0201
0;EGVGTEVSH;PEPLIST;41236;90;EGVGTEVSH;90;0;HLA-A0201
0;VEGVGTEVS;PEPLIST;38793.2;80;VEGVGTEVS;80;0;HLA-A0201
0;IVEGVGTEV;PEPLIST;3298.6;7.5;IVEGVGTEV;7.5;0;HLA-A0201
0;YIVEGVGTE;PEPLIST;19546;27;YIVEGVGTE;27;0;HLA-A0201
0;AYIVEGVGT;PEPLIST;32784.1;55;AYIVEGVGT;55;0;HLA-A0201
0;MNQRPEIQP;PEPLIST;40248.6;85;MNQRPEIQP;85;0;HLA-A0201
0;LMNQRPEIQ;PEPLIST;28337.6;43;LMNQRPEIQ;43;0;HLA-A0201
0;FLMNQRPEI;PEPLIST;18.3;0.25;FLMNQRPEI;0.25;1;HLA-A0201
0;LFLMNQRPE;PEPLIST;38625.3;80;LFLMNQRPE;80;0;HLA-A0201
0;QLFLMNQRP;PEPLIST;14036.8;20;QLFLMNQRP;20;0;HLA-A0201
0;TQLFLMNQR;PEPLIST;21686.3;30;TQLFLMNQR;30;0;HLA-A0201
0;KTQLFLMNQ;PEPLIST;18597.2;25;KTQLFLMNQ;25;0;HLA-A0201
0;KKTQLFLMN;PEPLIST;31967.2;55;KKTQLFLMN;55;0;HLA-A0201
0;EKKTQLFLM;PEPLIST;30964.7;49;EKKTQLFLM;49;0;HLA-A0201
0;DPWNMKRHE;PEPLIST;42963;95;DPWNMKRHE;95;0;HLA-A0201
0;KDPWNMKRH;PEPLIST;41873.1;90;KDPWNMKRH;90;0;HLA-A0201
0;GKDPWNMKR;PEPLIST;37932;75;GKDPWNMKR;75;0;HLA-A0201
0;QGKDPWNMK;PEPLIST;41396;90;QGKDPWNMK;90;0;HLA-A0201
0;EQGKDPWNM;PEPLIST;20030.5;27;EQGKDPWNM;27;0;HLA-A0201
0;LEQGKDPWN;PEPLIST;44057.5;99;LEQGKDPWN;99;0;HLA-A0201
0;CLEQGKDPW;PEPLIST;28067;42;CLEQGKDPW;42;0;HLA-A0201
0;TCLEQGKDP;PEPLIST;43530.6;95;TCLEQGKDP;95;0;HLA-A0201
0;ITCLEQGKD;PEPLIST;43211.5;95;ITCLEQGKD;95;0;HLA-A0201
0;TMQHSEVKP;PEPLIST;32150;55;TMQHSEVKP;55;0;HLA-A0201
0;HTMQHSEVK;PEPLIST;37352.4;75;HTMQHSEVK;75;0;HLA-A0201
0;RHTMQHSEV;PEPLIST;37221.7;75;RHTMQHSEV;75;0;HLA-A0201
0;KRHTMQHSE;PEPLIST;43256;95;KRHTMQHSE;95;0;HLA-A0201
0;LKRHTMQHS;PEPLIST;38488.8;80;LKRHTMQHS;80;0;HLA-A0201
0;HLKRHTMQH;PEPLIST;34722.8;65;HLKRHTMQH;65;0;HLA-A0201
0;SHLKRHTMQ;PEPLIST;43031.4;95;SHLKRHTMQ;95;0;HLA-A0201
0;TSHLKRHTM;PEPLIST;32116.7;55;TSHLKRHTM;55;0;HLA-A0201
0;QTSHLKRHT;PEPLIST;39239;80;QTSHLKRHT;80;0;HLA-A0201
0;RGKAFRTSS;PEPLIST;41189.2;90;RGKAFRTSS;90;0;HLA-A0201
0;QRGKAFRTS;PEPLIST;40315.7;85;QRGKAFRTS;85;0;HLA-A0201
0;KQRGKAFRT;PEPLIST;23195;32;KQRGKAFRT;32;0;HLA-A0201
0;CKQRGKAFR;PEPLIST;42044.2;90;CKQRGKAFR;90;0;HLA-A0201
0;ECKQRGKAF;PEPLIST;38446.4;80;ECKQRGKAF;80;0;HLA-A0201
0;YECKQRGKA;PEPLIST;42365.7;95;YECKQRGKA;95;0;HLA-A0201
0;PYECKQRGK;PEPLIST;45217.1;99;PYECKQRGK;99;0;HLA-A0201
0;KPYECKQRG;PEPLIST;39869.4;85;KPYECKQRG;85;0;HLA-A0201
0;EKPYECKQR;PEPLIST;41687.8;90;EKPYECKQR;90;0;HLA-A0201
0;YFFEKAQLI;PEPLIST;1249.4;4.5;YFFEKAQLI;4.5;0;HLA-A0201
0;KYFFEKAQL;PEPLIST;22977;32;KYFFEKAQL;32;0;HLA-A0201
0;AKYFFEKAQ;PEPLIST;36278.6;70;AKYFFEKAQ;70;0;HLA-A0201
0;CAKYFFEKA;PEPLIST;23097.9;32;CAKYFFEKA;32;0;HLA-A0201
0;DCAKYFFEK;PEPLIST;33350.1;60;DCAKYFFEK;60;0;HLA-A0201
0;SDCAKYFFE;PEPLIST;34394.5;60;SDCAKYFFE;60;0;HLA-A0201
0;CSDCAKYFF;PEPLIST;23692.4;33;CSDCAKYFF;33;0;HLA-A0201
0;GCSDCAKYF;PEPLIST;29419.9;45;GCSDCAKYF;45;0;HLA-A0201
0;YGCSDCAKY;PEPLIST;30817.3;49;YGCSDCAKY;49;0;HLA-A0201
0;VHPMVTIRI;PEPLIST;19338.3;26;VHPMVTIRI;26;0;HLA-A0201
0;TVHPMVTIR;PEPLIST;31302.9;50;TVHPMVTIR;50;0;HLA-A0201
0;ITVHPMVTI;PEPLIST;3658;8;ITVHPMVTI;8;0;HLA-A0201
0;SITVHPMVT;PEPLIST;19222.2;26;SITVHPMVT;26;0;HLA-A0201
0;HSITVHPMV;PEPLIST;4982.3;9.5;HSITVHPMV;9.5;0;HLA-A0201
0;THSITVHPM;PEPLIST;23596.5;33;THSITVHPM;33;0;HLA-A0201
0;PTHSITVHP;PEPLIST;35442.8;65;PTHSITVHP;65;0;HLA-A0201
0;LPTHSITVH;PEPLIST;38782.7;80;LPTHSITVH;80;0;HLA-A0201
0;HLPTHSITV;PEPLIST;74.7;0.9;HLPTHSITV;0.9;1;HLA-A0201
0;NCSKKLAGQ;PEPLIST;36666.5;70;NCSKKLAGQ;70;0;HLA-A0201
0;VNCSKKLAG;PEPLIST;40910.3;90;VNCSKKLAG;90;0;HLA-A0201
0;CVNCSKKLA;PEPLIST;31028.7;49;CVNCSKKLA;49;0;HLA-A0201
0;VCVNCSKKL;PEPLIST;26627.8;39;VCVNCSKKL;39;0;HLA-A0201
0;FVCVNCSKK;PEPLIST;26339.5;38;FVCVNCSKK;38;0;HLA-A0201
0;CFVCVNCSK;PEPLIST;26682.9;39;CFVCVNCSK;39;0;HLA-A0201
0;DCFVCVNCS;PEPLIST;21674.1;30;DCFVCVNCS;30;0;HLA-A0201
0;ADCFVCVNC;PEPLIST;18773.2;26;ADCFVCVNC;26;0;HLA-A0201
0;HADCFVCVN;PEPLIST;27238.3;40;HADCFVCVN;40;0;HLA-A0201
0;TGHPSEHLF;PEPLIST;36186.8;70;TGHPSEHLF;70;0;HLA-A0201
0;STGHPSEHL;PEPLIST;14006.5;20;STGHPSEHL;20;0;HLA-A0201
0;QSTGHPSEH;PEPLIST;43381.6;95;QSTGHPSEH;95;0;HLA-A0201
0;EQSTGHPSE;PEPLIST;42424.4;95;EQSTGHPSE;95;0;HLA-A0201
0;AEQSTGHPS;PEPLIST;40118.6;85;AEQSTGHPS;85;0;HLA-A0201
0;EAEQSTGHP;PEPLIST;42778.9;95;EAEQSTGHP;95;0;HLA-A0201
0;GEAEQSTGH;PEPLIST;43450.6;95;GEAEQSTGH;95;0;HLA-A0201
0;KGEAEQSTG;PEPLIST;44235.7;99;KGEAEQSTG;99;0;HLA-A0201
0;LKGEAEQST;PEPLIST;39830.6;85;LKGEAEQST;85;0;HLA-A0201
0;KMRDADKHY;PEPLIST;31407;50;KMRDADKHY;50;0;HLA-A0201
0;SKMRDADKH;PEPLIST;44005.6;99;SKMRDADKH;99;0;HLA-A0201
0;YSKMRDADK;PEPLIST;38011.3;75;YSKMRDADK;75;0;HLA-A0201
0;PYSKMRDAD;PEPLIST;46255.2;99;PYSKMRDAD;99;0;HLA-A0201
0;IPYSKMRDA;PEPLIST;32643.9;55;IPYSKMRDA;55;0;HLA-A0201
0;FIPYSKMRD;PEPLIST;36928.9;70;FIPYSKMRD;70;0;HLA-A0201
0;TFIPYSKMR;PEPLIST;37983.3;75;TFIPYSKMR;75;0;HLA-A0201
0;ETFIPYSKM;PEPLIST;27799.2;41;ETFIPYSKM;41;0;HLA-A0201
0;FETFIPYSK;PEPLIST;27551.8;41;FETFIPYSK;41;0;HLA-A0201
0;MDIDECRIS;PEPLIST;37614;75;MDIDECRIS;75;0;HLA-A0201
0;CMDIDECRI;PEPLIST;3102.8;7.5;CMDIDECRI;7.5;0;HLA-A0201
0;NCMDIDECR;PEPLIST;34401.6;60;NCMDIDECR;60;0;HLA-A0201
0;RNCMDIDEC;PEPLIST;33366.7;60;RNCMDIDEC;60;0;HLA-A0201
0;ERNCMDIDE;PEPLIST;40620;85;ERNCMDIDE;85;0;HLA-A0201
0;EERNCMDID;PEPLIST;41091.7;90;EERNCMDID;90;0;HLA-A0201
0;MEERNCMDI;PEPLIST;29364.5;45;MEERNCMDI;45;0;HLA-A0201
0;DMEERNCMD;PEPLIST;39530;80;DMEERNCMD;80;0;HLA-A0201
0;LDMEERNCM;PEPLIST;35440.9;65;LDMEERNCM;65;0;HLA-A0201
0;QRGLDFFQS;PEPLIST;32364.3;55;QRGLDFFQS;55;0;HLA-A0201
0;LQRGLDFFQ;PEPLIST;22582.9;31;LQRGLDFFQ;31;0;HLA-A0201
0;GLQRGLDFF;PEPLIST;8155.8;13;GLQRGLDFF;13;0;HLA-A0201
0;PGLQRGLDF;PEPLIST;35120.7;65;PGLQRGLDF;65;0;HLA-A0201
0;HPGLQRGLD;PEPLIST;44146.8;99;HPGLQRGLD;99;0;HLA-A0201
0;VHPGLQRGL;PEPLIST;34827.4;65;VHPGLQRGL;65;0;HLA-A0201
0;PVHPGLQRG;PEPLIST;38642.8;80;PVHPGLQRG;80;0;HLA-A0201
0;SPVHPGLQR;PEPLIST;38291.5;75;SPVHPGLQR;75;0;HLA-A0201
0;ESPVHPGLQ;PEPLIST;41701.7;90;ESPVHPGLQ;90;0;HLA-A0201
0;CDFENFKAA;PEPLIST;24808.7;35;CDFENFKAA;35;0;HLA-A0201
0;LCDFENFKA;PEPLIST;19561.4;27;LCDFENFKA;27;0;HLA-A0201
0;FLCDFENFK;PEPLIST;2488.4;6.5;FLCDFENFK;6.5;0;HLA-A0201
0;KFLCDFENF;PEPLIST;21369.6;29;KFLCDFENF;29;0;HLA-A0201
0;AKFLCDFEN;PEPLIST;27526.5;41;AKFLCDFEN;41;0;HLA-A0201
0;WAKFLCDFE;PEPLIST;28403;43;WAKFLCDFE;43;0;HLA-A0201
0;KWAKFLCDF;PEPLIST;22659.2;31;KWAKFLCDF;31;0;HLA-A0201
0;KKWAKFLCD;PEPLIST;30722.4;49;KKWAKFLCD;49;0;HLA-A0201
0;AKKWAKFLC;PEPLIST;34597.5;65;AKKWAKFLC;65;0;HLA-A0201
0;FPAEKLPPK;PEPLIST;30126.9;47;FPAEKLPPK;47;0;HLA-A0201
0;QFPAEKLPP;PEPLIST;40234.2;85;QFPAEKLPP;85;0;HLA-A0201
0;AQFPAEKLP;PEPLIST;31430.2;55;AQFPAEKLP;55;0;HLA-A0201
0;LAQFPAEKL;PEPLIST;23254.1;32;LAQFPAEKL;32;0;HLA-A0201
0;TLAQFPAEK;PEPLIST;13850.7;20;TLAQFPAEK;20;0;HLA-A0201
0;QTLAQFPAE;PEPLIST;34179.3;60;QTLAQFPAE;60;0;HLA-A0201
0;SQTLAQFPA;PEPLIST;1708.1;5.5;SQTLAQFPA;5.5;0;HLA-A0201
0;RSQTLAQFP;PEPLIST;32327.9;55;RSQTLAQFP;55;0;HLA-A0201
0;QRSQTLAQF;PEPLIST;29357.2;45;QRSQTLAQF;45;0;HLA-A0201
0;YELEAACNP;PEPLIST;31663.3;55;YELEAACNP;55;0;HLA-A0201
0;PYELEAACN;PEPLIST;42580.8;95;PYELEAACN;95;0;HLA-A0201
0;APYELEAAC;PEPLIST;27556.9;41;APYELEAAC;41;0;HLA-A0201
0;LAPYELEAA;PEPLIST;15721.9;22;LAPYELEAA;22;0;HLA-A0201
0;ILAPYELEA;PEPLIST;23.4;0.4;ILAPYELEA;0.4;1;HLA-A0201
0;PILAPYELE;PEPLIST;37439.8;75;PILAPYELE;75;0;HLA-A0201
0;QPILAPYEL;PEPLIST;19895.5;27;QPILAPYEL;27;0;HLA-A0201
0;FQPILAPYE;PEPLIST;16840.8;23;FQPILAPYE;23;0;HLA-A0201
0;FFQPILAPY;PEPLIST;14664.5;20;FFQPILAPY;20;0;HLA-A0201
0;FLAILRIHS;PEPLIST;2190.8;6;FLAILRIHS;6;0;HLA-A0201
0;IFLAILRIH;PEPLIST;21005.3;29;IFLAILRIH;29;0;HLA-A0201
0;NIFLAILRI;PEPLIST;1044.8;4;NIFLAILRI;4;0;HLA-A0201
0;VNIFLAILR;PEPLIST;20152.6;28;VNIFLAILR;28;0;HLA-A0201
0;YVNIFLAIL;PEPLIST;540.7;3;YVNIFLAIL;3;0;HLA-A0201
0;SYVNIFLAI;PEPLIST;7963.1;13;SYVNIFLAI;13;0;HLA-A0201
0;ISYVNIFLA;PEPLIST;1758.6;5.5;ISYVNIFLA;5.5;0;HLA-A0201
0;LISYVNIFL;PEPLIST;104.8;1.1;LISYVNIFL;1.1;1;HLA-A0201
0;ILISYVNIF;PEPLIST;1685.6;5.5;ILISYVNIF;5.5;0;HLA-A0201
0;KLSRAEFAE;PEPLIST;20074.3;27;KLSRAEFAE;27;0;HLA-A0201
0;CKLSRAEFA;PEPLIST;25864.5;37;CKLSRAEFA;37;0;HLA-A0201
0;TCKLSRAEF;PEPLIST;34805.6;65;TCKLSRAEF;65;0;HLA-A0201
0;LTCKLSRAE;PEPLIST;36323.8;70;LTCKLSRAE;70;0;HLA-A0201
0;ALTCKLSRA;PEPLIST;962;4;ALTCKLSRA;4;0;HLA-A0201
0;EALTCKLSR;PEPLIST;36639.5;70;EALTCKLSR;70;0;HLA-A0201
0;REALTCKLS;PEPLIST;32254.9;55;REALTCKLS;55;0;HLA-A0201
0;VREALTCKL;PEPLIST;30040.3;47;VREALTCKL;47;0;HLA-A0201
0;KVREALTCK;PEPLIST;30734;49;KVREALTCK;49;0;HLA-A0201
0;MLYLLSRLP;PEPLIST;4924.8;9.5;MLYLLSRLP;9.5;0;HLA-A0201
0;SMLYLLSRL;PEPLIST;25;0.4;SMLYLLSRL;0.4;1;HLA-A0201
0;SSMLYLLSR;PEPLIST;12638;18;SSMLYLLSR;18;0;HLA-A0201
0;ISSMLYLLS;PEPLIST;15729.4;22;ISSMLYLLS;22;0;HLA-A0201
0;SISSMLYLL;PEPLIST;27.4;0.4;SISSMLYLL;0.4;1;HLA-A0201
0;GSISSMLYL;PEPLIST;1046;4;GSISSMLYL;4;0;HLA-A0201
0;IGSISSMLY;PEPLIST;24231.7;34;IGSISSMLY;34;0;HLA-A0201
0;VIGSISSML;PEPLIST;2283.7;6.5;VIGSISSML;6.5;0;HLA-A0201
0;FVIGSISSM;PEPLIST;102.5;1.1;FVIGSISSM;1.1;1;HLA-A0201
0;HTGMESLTV;PEPLIST;6102;11;HTGMESLTV;11;0;HLA-A0201
0;PHTGMESLT;PEPLIST;44914.3;99;PHTGMESLT;99;0;HLA-A0201
0;NPHTGMESL;PEPLIST;30664.6;48;NPHTGMESL;48;0;HLA-A0201
0;YNPHTGMES;PEPLIST;37380.3;75;YNPHTGMES;75;0;HLA-A0201
0;SYNPHTGME;PEPLIST;42378.1;95;SYNPHTGME;95;0;HLA-A0201
0;KSYNPHTGM;PEPLIST;17195.4;24;KSYNPHTGM;24;0;HLA-A0201
0;QKSYNPHTG;PEPLIST;43323.9;95;QKSYNPHTG;95;0;HLA-A0201
0;KQKSYNPHT;PEPLIST;16246.6;22;KQKSYNPHT;22;0;HLA-A0201
0;CKQKSYNPH;PEPLIST;39416;80;CKQKSYNPH;80;0;HLA-A0201
0;FEFSPQTLC;PEPLIST;26423.1;38;FEFSPQTLC;38;0;HLA-A0201
0;KFEFSPQTL;PEPLIST;24313.9;34;KFEFSPQTL;34;0;HLA-A0201
0;RKFEFSPQT;PEPLIST;20090.4;28;RKFEFSPQT;28;0;HLA-A0201
0;GRKFEFSPQ;PEPLIST;38586.8;80;GRKFEFSPQ;80;0;HLA-A0201
0;CGRKFEFSP;PEPLIST;33351.9;60;CGRKFEFSP;60;0;HLA-A0201
0;CCGRKFEFS;PEPLIST;32174.4;55;CCGRKFEFS;55;0;HLA-A0201
0;YCCGRKFEF;PEPLIST;18253.9;25;YCCGRKFEF;25;0;HLA-A0201
0;GYCCGRKFE;PEPLIST;43007.7;95;GYCCGRKFE;95;0;HLA-A0201
0;LGYCCGRKF;PEPLIST;28380.6;43;LGYCCGRKF;43;0;HLA-A0201
0;VLGLLDIIL;PEPLIST;804.1;3.5;VLGLLDIIL;3.5;0;HLA-A0201
0;AVLGLLDII;PEPLIST;1125.4;4.5;AVLGLLDII;4.5;0;HLA-A0201
0;EAVLGLLDI;PEPLIST;16483.6;23;EAVLGLLDI;23;0;HLA-A0201
0;LEAVLGLLD;PEPLIST;31006.6;49;LEAVLGLLD;49;0;HLA-A0201
0;ELEAVLGLL;PEPLIST;6087.9;11;ELEAVLGLL;11;0;HLA-A0201
0;GELEAVLGL;PEPLIST;9506.5;15;GELEAVLGL;15;0;HLA-A0201
0;DGELEAVLG;PEPLIST;36069.2;70;DGELEAVLG;70;0;HLA-A0201
0;LDGELEAVL;PEPLIST;24008;34;LDGELEAVL;34;0;HLA-A0201
0;ELDGELEAV;PEPLIST;621.5;3.5;ELDGELEAV;3.5;0;HLA-A0201
0;QPGQKSPII;PEPLIST;38213.7;75;QPGQKSPII;75;0;HLA-A0201
0;TQPGQKSPI;PEPLIST;19808.5;27;TQPGQKSPI;27;0;HLA-A0201
0;STQPGQKSP;PEPLIST;41765;90;STQPGQKSP;90;0;HLA-A0201
0;LSTQPGQKS;PEPLIST;42194.6;95;LSTQPGQKS;95;0;HLA-A0201
0;ILSTQPGQK;PEPLIST;32180.3;55;ILSTQPGQK;55;0;HLA-A0201
0;RILSTQPGQ;PEPLIST;29770.8;46;RILSTQPGQ;46;0;HLA-A0201
0;PRILSTQPG;PEPLIST;41988.8;90;PRILSTQPG;90;0;HLA-A0201
0;PPRILSTQP;PEPLIST;39808.6;85;PPRILSTQP;85;0;HLA-A0201
0;FPPRILSTQ;PEPLIST;31850.6;55;FPPRILSTQ;55;0;HLA-A0201
0;VVTLHKMIR;PEPLIST;34782.6;65;VVTLHKMIR;65;0;HLA-A0201
0;LVVTLHKMI;PEPLIST;15264.6;21;LVVTLHKMI;21;0;HLA-A0201
0;FLVVTLHKM;PEPLIST;133.7;1.3;FLVVTLHKM;1.3;1;HLA-A0201
0;VFLVVTLHK;PEPLIST;17722.2;24;VFLVVTLHK;24;0;HLA-A0201
0;LVFLVVTLH;PEPLIST;8816.4;14;LVFLVVTLH;14;0;HLA-A0201
0;NLVFLVVTL;PEPLIST;291.1;2;NLVFLVVTL;2;1;HLA-A0201
0;VNLVFLVVT;PEPLIST;12777;18;VNLVFLVVT;18;0;HLA-A0201
0;VVNLVFLVV;PEPLIST;1854.9;5.5;VVNLVFLVV;5.5;0;HLA-A0201
0;IVVNLVFLV;PEPLIST;29.4;0.4;IVVNLVFLV;0.4;1;HLA-A0201
0;RKLALGVLP;PEPLIST;29039.4;44;RKLALGVLP;44;0;HLA-A0201
0;RRKLALGVL;PEPLIST;27056.1;40;RRKLALGVL;40;0;HLA-A0201
0;SRRKLALGV;PEPLIST;25025.7;36;SRRKLALGV;36;0;HLA-A0201
0;RSRRKLALG;PEPLIST;33981.7;60;RSRRKLALG;60;0;HLA-A0201
0;LRSRRKLAL;PEPLIST;34320.2;60;LRSRRKLAL;60;0;HLA-A0201
0;NLRSRRKLA;PEPLIST;28287.7;42;NLRSRRKLA;42;0;HLA-A0201
0;HNLRSRRKL;PEPLIST;43055.7;95;HNLRSRRKL;95;0;HLA-A0201
0;IHNLRSRRK;PEPLIST;39763.4;85;IHNLRSRRK;85;0;HLA-A0201
0;WIHNLRSRR;PEPLIST;37591.6;75;WIHNLRSRR;75;0;HLA-A0201
0;RFTGKECQW;PEPLIST;37753.9;75;RFTGKECQW;75;0;HLA-A0201
0;VRFTGKECQ;PEPLIST;42099.8;90;VRFTGKECQ;90;0;HLA-A0201
0;QVRFTGKEC;PEPLIST;37140.8;70;QVRFTGKEC;70;0;HLA-A0201
0;CQVRFTGKE;PEPLIST;36476.1;70;CQVRFTGKE;70;0;HLA-A0201
0;TCQVRFTGK;PEPLIST;35440.6;65;TCQVRFTGK;65;0;HLA-A0201
0;CTCQVRFTG;PEPLIST;20910.5;29;CTCQVRFTG;29;0;HLA-A0201
0;ECTCQVRFT;PEPLIST;37588;75;ECTCQVRFT;75;0;HLA-A0201
0;YECTCQVRF;PEPLIST;24469.6;35;YECTCQVRF;35;0;HLA-A0201
0;TYECTCQVR;PEPLIST;35371.6;65;TYECTCQVR;65;0;HLA-A0201
0;VATKVANCS;PEPLIST;34603.9;65;VATKVANCS;65;0;HLA-A0201
0;AVATKVANC;PEPLIST;20663.3;28;AVATKVANC;28;0;HLA-A0201
0;NAVATKVAN;PEPLIST;39956.2;85;NAVATKVAN;85;0;HLA-A0201
0;MNAVATKVA;PEPLIST;34412.8;60;MNAVATKVA;60;0;HLA-A0201
0;PMNAVATKV;PEPLIST;6511.1;12;PMNAVATKV;12;0;HLA-A0201
0;KPMNAVATK;PEPLIST;32790.8;55;KPMNAVATK;55;0;HLA-A0201
0;VKPMNAVAT;PEPLIST;33891.4;60;VKPMNAVAT;60;0;HLA-A0201
0;PVKPMNAVA;PEPLIST;37927;75;PVKPMNAVA;75;0;HLA-A0201
0;HPVKPMNAV;PEPLIST;28529.3;43;HPVKPMNAV;43;0;HLA-A0201
0;IDLHFMKKI;PEPLIST;25317.1;36;IDLHFMKKI;36;0;HLA-A0201
0;EIDLHFMKK;PEPLIST;30300.5;47;EIDLHFMKK;47;0;HLA-A0201
0;REIDLHFMK;PEPLIST;31993.2;55;REIDLHFMK;55;0;HLA-A0201
0;EREIDLHFM;PEPLIST;28925.6;44;EREIDLHFM;44;0;HLA-A0201
0;QEREIDLHF;PEPLIST;28207;42;QEREIDLHF;42;0;HLA-A0201
0;QQEREIDLH;PEPLIST;36550.8;70;QQEREIDLH;70;0;HLA-A0201
0;HQQEREIDL;PEPLIST;11824.7;17;HQQEREIDL;17;0;HLA-A0201
0;PHQQEREID;PEPLIST;46263.7;99;PHQQEREID;99;0;HLA-A0201
0;PPHQQEREI;PEPLIST;43723.2;95;PPHQQEREI;95;0;HLA-A0201
0;SNLHAEPDY;PEPLIST;41704;90;SNLHAEPDY;90;0;HLA-A0201
0;KSNLHAEPD;PEPLIST;37603.8;75;KSNLHAEPD;75;0;HLA-A0201
0;LKSNLHAEP;PEPLIST;40094.3;85;LKSNLHAEP;85;0;HLA-A0201
0;ELKSNLHAE;PEPLIST;33513.9;60;ELKSNLHAE;60;0;HLA-A0201
0;FELKSNLHA;PEPLIST;15794.3;22;FELKSNLHA;22;0;HLA-A0201
0;YFELKSNLH;PEPLIST;31009.9;49;YFELKSNLH;49;0;HLA-A0201
0;EYFELKSNL;PEPLIST;32162.6;55;EYFELKSNL;55;0;HLA-A0201
0;NEYFELKSN;PEPLIST;38797;80;NEYFELKSN;80;0;HLA-A0201
0;KNEYFELKS;PEPLIST;36582.9;70;KNEYFELKS;70;0;HLA-A0201
0;QEETAGDSG;PEPLIST;43292;95;QEETAGDSG;95;0;HLA-A0201
0;TQEETAGDS;PEPLIST;38441;80;TQEETAGDS;80;0;HLA-A0201
0;ATQEETAGD;PEPLIST;38554.7;80;ATQEETAGD;80;0;HLA-A0201
0;PATQEETAG;PEPLIST;45457.4;99;PATQEETAG;99;0;HLA-A0201
0;LPATQEETA;PEPLIST;38470.9;80;LPATQEETA;80;0;HLA-A0201
0;GLPATQEET;PEPLIST;7777.2;13;GLPATQEET;13;0;HLA-A0201
0;RGLPATQEE;PEPLIST;40455.6;85;RGLPATQEE;85;0;HLA-A0201
0;LRGLPATQE;PEPLIST;39874.1;85;LRGLPATQE;85;0;HLA-A0201
0;ELRGLPATQ;PEPLIST;27813.6;41;ELRGLPATQ;41;0;HLA-A0201
0;SHDHNLQYL;PEPLIST;20284.3;28;SHDHNLQYL;28;0;HLA-A0201
0;CSHDHNLQY;PEPLIST;33328.1;60;CSHDHNLQY;60;0;HLA-A0201
0;LCSHDHNLQ;PEPLIST;41083.7;90;LCSHDHNLQ;90;0;HLA-A0201
0;YLCSHDHNL;PEPLIST;42.9;0.6;YLCSHDHNL;0.6;1;HLA-A0201
0;AYLCSHDHN;PEPLIST;42696.6;95;AYLCSHDHN;95;0;HLA-A0201
0;TAYLCSHDH;PEPLIST;31841.3;55;TAYLCSHDH;55;0;HLA-A0201
0;VTAYLCSHD;PEPLIST;34630.5;65;VTAYLCSHD;65;0;HLA-A0201
0;GVTAYLCSH;PEPLIST;27395.8;40;GVTAYLCSH;40;0;HLA-A0201
0;YGVTAYLCS;PEPLIST;27389.3;40;YGVTAYLCS;40;0;HLA-A0201
0;LDAFGTSFI;PEPLIST;21412.4;29;LDAFGTSFI;29;0;HLA-A0201
0;QLDAFGTSF;PEPLIST;7740.2;13;QLDAFGTSF;13;0;HLA-A0201
0;FQLDAFGTS;PEPLIST;4174.8;8.5;FQLDAFGTS;8.5;0;HLA-A0201
0;SFQLDAFGT;PEPLIST;24866.2;35;SFQLDAFGT;35;0;HLA-A0201
0;ASFQLDAFG;PEPLIST;20519.2;28;ASFQLDAFG;28;0;HLA-A0201
0;QASFQLDAF;PEPLIST;26207.6;38;QASFQLDAF;38;0;HLA-A0201
0;DQASFQLDA;PEPLIST;24054.6;34;DQASFQLDA;34;0;HLA-A0201
0;VDQASFQLD;PEPLIST;38891.1;80;VDQASFQLD;80;0;HLA-A0201
0;HVDQASFQL;PEPLIST;3226.6;7.5;HVDQASFQL;7.5;0;HLA-A0201
0;FQDSCRRIQ;PEPLIST;31290.4;50;FQDSCRRIQ;50;0;HLA-A0201
0;NFQDSCRRI;PEPLIST;31311.4;50;NFQDSCRRI;50;0;HLA-A0201
0;YNFQDSCRR;PEPLIST;34798;65;YNFQDSCRR;65;0;HLA-A0201
0;LYNFQDSCR;PEPLIST;42304.8;95;LYNFQDSCR;95;0;HLA-A0201
0;NLYNFQDSC;PEPLIST;3694.7;8;NLYNFQDSC;8;0;HLA-A0201
0;VNLYNFQDS;PEPLIST;38289.9;75;VNLYNFQDS;75;0;HLA-A0201
0;NVNLYNFQD;PEPLIST;33696.5;60;NVNLYNFQD;60;0;HLA-A0201
0;VNVNLYNFQ;PEPLIST;35623.6;65;VNVNLYNFQ;65;0;HLA-A0201
0;DVNVNLYNF;PEPLIST;25256.4;36;DVNVNLYNF;36;0;HLA-A0201
0;HSMNPSTPS;PEPLIST;31905;55;HSMNPSTPS;55;0;HLA-A0201
0;PHSMNPSTP;PEPLIST;43807.5;99;PHSMNPSTP;99;0;HLA-A0201
0;GPHSMNPST;PEPLIST;39387;80;GPHSMNPST;80;0;HLA-A0201
0;IGPHSMNPS;PEPLIST;38190.6;75;IGPHSMNPS;75;0;HLA-A0201
0;FIGPHSMNP;PEPLIST;15806;22;FIGPHSMNP;22;0;HLA-A0201
0;DFIGPHSMN;PEPLIST;43893.9;99;DFIGPHSMN;99;0;HLA-A0201
0;CDFIGPHSM;PEPLIST;22906.5;32;CDFIGPHSM;32;0;HLA-A0201
0;PCDFIGPHS;PEPLIST;38015.4;75;PCDFIGPHS;75;0;HLA-A0201
0;DPCDFIGPH;PEPLIST;36087.1;70;DPCDFIGPH;70;0;HLA-A0201
0;FLPSLDYEK;PEPLIST;3610.3;8;FLPSLDYEK;8;0;HLA-A0201
0;PFLPSLDYE;PEPLIST;37398.9;75;PFLPSLDYE;75;0;HLA-A0201
0;VPFLPSLDY;PEPLIST;25164.2;36;VPFLPSLDY;36;0;HLA-A0201
0;DVPFLPSLD;PEPLIST;39793.5;85;DVPFLPSLD;85;0;HLA-A0201
0;KDVPFLPSL;PEPLIST;8344.8;14;KDVPFLPSL;14;0;HLA-A0201
0;LKDVPFLPS;PEPLIST;27979;42;LKDVPFLPS;42;0;HLA-A0201
0;KLKDVPFLP;PEPLIST;5713.7;11;KLKDVPFLP;11;0;HLA-A0201
0;VKLKDVPFL;PEPLIST;13106.5;19;VKLKDVPFL;19;0;HLA-A0201
0;PVKLKDVPF;PEPLIST;32313.6;55;PVKLKDVPF;55;0;HLA-A0201
0;ASQPGMQES;PEPLIST;32880;55;ASQPGMQES;55;0;HLA-A0201
0;RASQPGMQE;PEPLIST;38792.4;80;RASQPGMQE;80;0;HLA-A0201
0;RRASQPGMQ;PEPLIST;43573;95;RRASQPGMQ;95;0;HLA-A0201
0;KRRASQPGM;PEPLIST;38598.1;80;KRRASQPGM;80;0;HLA-A0201
0;FKRRASQPG;PEPLIST;40421.4;85;FKRRASQPG;85;0;HLA-A0201
0;VFKRRASQP;PEPLIST;43390;95;VFKRRASQP;95;0;HLA-A0201
0;AVFKRRASQ;PEPLIST;34814.6;65;AVFKRRASQ;65;0;HLA-A0201
0;KAVFKRRAS;PEPLIST;40325.3;85;KAVFKRRAS;85;0;HLA-A0201
0;PKAVFKRRA;PEPLIST;43004.4;95;PKAVFKRRA;95;0;HLA-A0201
0;YTNALGLLE;PEPLIST;22440.9;31;YTNALGLLE;31;0;HLA-A0201
0;IYTNALGLL;PEPLIST;21171.6;29;IYTNALGLL;29;0;HLA-A0201
0;LIYTNALGL;PEPLIST;398.6;2.5;LIYTNALGL;2.5;0;HLA-A0201
0;QLIYTNALG;PEPLIST;10255.4;16;QLIYTNALG;16;0;HLA-A0201
0;AQLIYTNAL;PEPLIST;555.9;3;AQLIYTNAL;3;0;HLA-A0201
0;SAQLIYTNA;PEPLIST;15556.7;22;SAQLIYTNA;22;0;HLA-A0201
0;HSAQLIYTN;PEPLIST;28649.9;43;HSAQLIYTN;43;0;HLA-A0201
0;PHSAQLIYT;PEPLIST;35608.5;65;PHSAQLIYT;65;0;HLA-A0201
0;LPHSAQLIY;PEPLIST;31738.4;55;LPHSAQLIY;55;0;HLA-A0201
0;QLKEFSTIS;PEPLIST;16706.3;23;QLKEFSTIS;23;0;HLA-A0201
0;VQLKEFSTI;PEPLIST;2304.2;6.5;VQLKEFSTI;6.5;0;HLA-A0201
0;EVQLKEFST;PEPLIST;31205.2;50;EVQLKEFST;50;0;HLA-A0201
0;QEVQLKEFS;PEPLIST;38841.5;80;QEVQLKEFS;80;0;HLA-A0201
0;SQEVQLKEF;PEPLIST;27566.2;41;SQEVQLKEF;41;0;HLA-A0201
0;LSQEVQLKE;PEPLIST;33841.2;60;LSQEVQLKE;60;0;HLA-A0201
0;TLSQEVQLK;PEPLIST;22401.1;31;TLSQEVQLK;31;0;HLA-A0201
0;HTLSQEVQL;PEPLIST;10870.4;16;HTLSQEVQL;16;0;HLA-A0201
0;FHTLSQEVQ;PEPLIST;38490.9;80;FHTLSQEVQ;80;0;HLA-A0201
0;TLNHTNRKL;PEPLIST;8202.3;13;TLNHTNRKL;13;0;HLA-A0201
0;YTLNHTNRK;PEPLIST;32574.8;55;YTLNHTNRK;55;0;HLA-A0201
0;SYTLNHTNR;PEPLIST;41781.2;90;SYTLNHTNR;90;0;HLA-A0201
0;MSYTLNHTN;PEPLIST;30537.5;48;MSYTLNHTN;48;0;HLA-A0201
0;PMSYTLNHT;PEPLIST;21184.5;29;PMSYTLNHT;29;0;HLA-A0201
0;DPMSYTLNH;PEPLIST;37984.1;75;DPMSYTLNH;75;0;HLA-A0201
0;KDPMSYTLN;PEPLIST;41440.9;90;KDPMSYTLN;90;0;HLA-A0201
0;SKDPMSYTL;PEPLIST;14256.9;20;SKDPMSYTL;20;0;HLA-A0201
0;VSKDPMSYT;PEPLIST;30806.6;49;VSKDPMSYT;49;0;HLA-A0201
0;PEGYSVKCE;PEPLIST;44133.4;99;PEGYSVKCE;99;0;HLA-A0201
0;VPEGYSVKC;PEPLIST;36840.7;70;VPEGYSVKC;70;0;HLA-A0201
0;PVPEGYSVK;PEPLIST;43067.3;95;PVPEGYSVK;95;0;HLA-A0201
0;VPVPEGYSV;PEPLIST;22823.1;32;VPVPEGYSV;32;0;HLA-A0201
0;VVPVPEGYS;PEPLIST;36910.5;70;VVPVPEGYS;70;0;HLA-A0201
0;SVVPVPEGY;PEPLIST;24097;34;SVVPVPEGY;34;0;HLA-A0201
0;LSVVPVPEG;PEPLIST;32794.7;55;LSVVPVPEG;55;0;HLA-A0201
0;LLSVVPVPE;PEPLIST;10581;16;LLSVVPVPE;16;0;HLA-A0201
0;KLLSVVPVP;PEPLIST;1494.7;5;KLLSVVPVP;5;0;HLA-A0201
0;MESPQEAQI;PEPLIST;28463;43;MESPQEAQI;43;0;HLA-A0201
0;QMESPQEAQ;PEPLIST;34789.4;65;QMESPQEAQ;65;0;HLA-A0201
0;SQMESPQEA;PEPLIST;266.1;1.9;SQMESPQEA;1.9;1;HLA-A0201
0;PSQMESPQE;PEPLIST;44088.5;99;PSQMESPQE;99;0;HLA-A0201
0;QPSQMESPQ;PEPLIST;42464.4;95;QPSQMESPQ;95;0;HLA-A0201
0;PQPSQMESP;PEPLIST;41465.5;90;PQPSQMESP;90;0;HLA-A0201
0;QPQPSQMES;PEPLIST;41606.7;90;QPQPSQMES;90;0;HLA-A0201
0;QQPQPSQME;PEPLIST;40457.7;85;QQPQPSQME;85;0;HLA-A0201
0;KQQPQPSQM;PEPLIST;11824.1;17;KQQPQPSQM;17;0;HLA-A0201
0;CLHLPRASA;PEPLIST;7980.3;13;CLHLPRASA;13;0;HLA-A0201
0;SCLHLPRAS;PEPLIST;34229.3;60;SCLHLPRAS;60;0;HLA-A0201
0;SSCLHLPRA;PEPLIST;14753.4;21;SSCLHLPRA;21;0;HLA-A0201
0;NSSCLHLPR;PEPLIST;31524.8;55;NSSCLHLPR;55;0;HLA-A0201
0;LNSSCLHLP;PEPLIST;29580.7;46;LNSSCLHLP;46;0;HLA-A0201
0;LLNSSCLHL;PEPLIST;107.5;1.1;LLNSSCLHL;1.1;1;HLA-A0201
0;NLLNSSCLH;PEPLIST;20424.6;28;NLLNSSCLH;28;0;HLA-A0201
0;WNLLNSSCL;PEPLIST;24403.5;34;WNLLNSSCL;34;0;HLA-A0201
0;KWNLLNSSC;PEPLIST;32666.5;55;KWNLLNSSC;55;0;HLA-A0201
0;IHCQSGKSC;PEPLIST;40505.5;85;IHCQSGKSC;85;0;HLA-A0201
0;MIHCQSGKS;PEPLIST;34022.9;60;MIHCQSGKS;60;0;HLA-A0201
0;HMIHCQSGK;PEPLIST;27966;42;HMIHCQSGK;42;0;HLA-A0201
0;NHMIHCQSG;PEPLIST;36105.5;70;NHMIHCQSG;70;0;HLA-A0201
0;LNHMIHCQS;PEPLIST;33250.6;60;LNHMIHCQS;60;0;HLA-A0201
0;VLNHMIHCQ;PEPLIST;15077;21;VLNHMIHCQ;21;0;HLA-A0201
0;NVLNHMIHC;PEPLIST;12455.8;18;NVLNHMIHC;18;0;HLA-A0201
0;KNVLNHMIH;PEPLIST;36503.8;70;KNVLNHMIH;70;0;HLA-A0201
0;MKNVLNHMI;PEPLIST;18856.9;26;MKNVLNHMI;26;0;HLA-A0201
0;DLIPAAFAT;PEPLIST;6916;12;DLIPAAFAT;12;0;HLA-A0201
0;KDLIPAAFA;PEPLIST;21191.6;29;KDLIPAAFA;29;0;HLA-A0201
0;RKDLIPAAF;PEPLIST;24728.3;35;RKDLIPAAF;35;0;HLA-A0201
0;SRKDLIPAA;PEPLIST;29532.1;46;SRKDLIPAA;46;0;HLA-A0201
0;ASRKDLIPA;PEPLIST;19133.5;26;ASRKDLIPA;26;0;HLA-A0201
0;EASRKDLIP;PEPLIST;41340.1;90;EASRKDLIP;90;0;HLA-A0201
0;HEASRKDLI;PEPLIST;40343.2;85;HEASRKDLI;85;0;HLA-A0201
0;LHEASRKDL;PEPLIST;41081.5;90;LHEASRKDL;90;0;HLA-A0201
0;SLHEASRKD;PEPLIST;35032.6;65;SLHEASRKD;65;0;HLA-A0201
0;RKTKCHDVT;PEPLIST;42897.6;95;RKTKCHDVT;95;0;HLA-A0201
0;ERKTKCHDV;PEPLIST;38465.9;80;ERKTKCHDV;80;0;HLA-A0201
0;KERKTKCHD;PEPLIST;44295.6;99;KERKTKCHD;99;0;HLA-A0201
0;VKERKTKCH;PEPLIST;43999.4;99;VKERKTKCH;99;0;HLA-A0201
0;KVKERKTKC;PEPLIST;42125.7;90;KVKERKTKC;90;0;HLA-A0201
0;AKVKERKTK;PEPLIST;45185.3;99;AKVKERKTK;99;0;HLA-A0201
0;RAKVKERKT;PEPLIST;43359.1;95;RAKVKERKT;95;0;HLA-A0201
0;IRAKVKERK;PEPLIST;40800.6;85;IRAKVKERK;85;0;HLA-A0201
0;VIRAKVKER;PEPLIST;35099;65;VIRAKVKER;65;0;HLA-A0201
0;PLVASSVSP;PEPLIST;29309;45;PLVASSVSP;45;0;HLA-A0201
0;QPLVASSVS;PEPLIST;40175.1;85;QPLVASSVS;85;0;HLA-A0201
0;NQPLVASSV;PEPLIST;5057.1;9.5;NQPLVASSV;9.5;0;HLA-A0201
0;LNQPLVASS;PEPLIST;30821.6;49;LNQPLVASS;49;0;HLA-A0201
0;PLNQPLVAS;PEPLIST;24204.7;34;PLNQPLVAS;34;0;HLA-A0201
0;CPLNQPLVA;PEPLIST;29439.6;45;CPLNQPLVA;45;0;HLA-A0201
0;PCPLNQPLV;PEPLIST;35244;65;PCPLNQPLV;65;0;HLA-A0201
0;FPCPLNQPL;PEPLIST;11961.2;17;FPCPLNQPL;17;0;HLA-A0201
0;SFPCPLNQP;PEPLIST;35500;65;SFPCPLNQP;65;0;HLA-A0201
0;SLCENADQA;PEPLIST;2018.3;6;SLCENADQA;6;0;HLA-A0201
0;ISLCENADQ;PEPLIST;37890.1;75;ISLCENADQ;75;0;HLA-A0201
0;IISLCENAD;PEPLIST;30904.5;49;IISLCENAD;49;0;HLA-A0201
0;RIISLCENA;PEPLIST;1661.3;5.5;RIISLCENA;5.5;0;HLA-A0201
0;CRIISLCEN;PEPLIST;30080;47;CRIISLCEN;47;0;HLA-A0201
0;LCRIISLCE;PEPLIST;25509.9;37;LCRIISLCE;37;0;HLA-A0201
0;CLCRIISLC;PEPLIST;4067.1;8.5;CLCRIISLC;8.5;0;HLA-A0201
0;DCLCRIISL;PEPLIST;12008.9;17;DCLCRIISL;17;0;HLA-A0201
0;ADCLCRIIS;PEPLIST;29032.2;44;ADCLCRIIS;44;0;HLA-A0201
0;VAVHPEKGL;PEPLIST;32163.3;55;VAVHPEKGL;55;0;HLA-A0201
0;SVAVHPEKG;PEPLIST;37554.2;75;SVAVHPEKG;75;0;HLA-A0201
0;RSVAVHPEK;PEPLIST;36706.2;70;RSVAVHPEK;70;0;HLA-A0201
0;PRSVAVHPE;PEPLIST;39941.9;85;PRSVAVHPE;85;0;HLA-A0201
0;QPRSVAVHP;PEPLIST;33463.2;60;QPRSVAVHP;60;0;HLA-A0201
0;DQPRSVAVH;PEPLIST;38269.2;75;DQPRSVAVH;75;0;HLA-A0201
0;LDQPRSVAV;PEPLIST;23139.9;32;LDQPRSVAV;32;0;HLA-A0201
0;GLDQPRSVA;PEPLIST;13716;19;GLDQPRSVA;19;0;HLA-A0201
0;QGLDQPRSV;PEPLIST;28262.3;42;QGLDQPRSV;42;0;HLA-A0201
0;KNTRHKSSE;PEPLIST;46836.9;99;KNTRHKSSE;99;0;HLA-A0201
0;YKNTRHKSS;PEPLIST;44066.1;99;YKNTRHKSS;99;0;HLA-A0201
0;LYKNTRHKS;PEPLIST;44795.9;99;LYKNTRHKS;99;0;HLA-A0201
0;VLYKNTRHK;PEPLIST;25111.1;36;VLYKNTRHK;36;0;HLA-A0201
0;AVLYKNTRH;PEPLIST;39707.5;85;AVLYKNTRH;85;0;HLA-A0201
0;CAVLYKNTR;PEPLIST;32606.9;55;CAVLYKNTR;55;0;HLA-A0201
0;VCAVLYKNT;PEPLIST;32120.1;55;VCAVLYKNT;55;0;HLA-A0201
0;GVCAVLYKN;PEPLIST;22215.7;31;GVCAVLYKN;31;0;HLA-A0201
0;TGVCAVLYK;PEPLIST;25724.7;37;TGVCAVLYK;37;0;HLA-A0201
0;HLAEALSVP;PEPLIST;10720.8;16;HLAEALSVP;16;0;HLA-A0201
0;SHLAEALSV;PEPLIST;14448.4;20;SHLAEALSV;20;0;HLA-A0201
0;NSHLAEALS;PEPLIST;32790.1;55;NSHLAEALS;55;0;HLA-A0201
0;SNSHLAEAL;PEPLIST;26080;38;SNSHLAEAL;38;0;HLA-A0201
0;DSNSHLAEA;PEPLIST;30818.3;49;DSNSHLAEA;49;0;HLA-A0201
0;YDSNSHLAE;PEPLIST;39696.3;85;YDSNSHLAE;85;0;HLA-A0201
0;VYDSNSHLA;PEPLIST;28577.2;43;VYDSNSHLA;43;0;HLA-A0201
0;RVYDSNSHL;PEPLIST;868.5;4;RVYDSNSHL;4;0;HLA-A0201
0;YRVYDSNSH;PEPLIST;41300.8;90;YRVYDSNSH;90;0;HLA-A0201
0;LGSIPRSLE;PEPLIST;41590.4;90;LGSIPRSLE;90;0;HLA-A0201
0;PLGSIPRSL;PEPLIST;14980.7;21;PLGSIPRSL;21;0;HLA-A0201
0;LPLGSIPRS;PEPLIST;35145.4;65;LPLGSIPRS;65;0;HLA-A0201
0;ELPLGSIPR;PEPLIST;23468.7;33;ELPLGSIPR;33;0;HLA-A0201
0;AELPLGSIP;PEPLIST;37337.9;75;AELPLGSIP;75;0;HLA-A0201
0;QAELPLGSI;PEPLIST;25467.4;37;QAELPLGSI;37;0;HLA-A0201
0;TQAELPLGS;PEPLIST;12290.6;18;TQAELPLGS;18;0;HLA-A0201
0;ETQAELPLG;PEPLIST;35317.7;65;ETQAELPLG;65;0;HLA-A0201
0;QETQAELPL;PEPLIST;29425.3;45;QETQAELPL;45;0;HLA-A0201
0;HYFDGPLGV;PEPLIST;4032.8;8.5;HYFDGPLGV;8.5;0;HLA-A0201
0;PHYFDGPLG;PEPLIST;42674;95;PHYFDGPLG;95;0;HLA-A0201
0;CPHYFDGPL;PEPLIST;26626.9;39;CPHYFDGPL;39;0;HLA-A0201
0;RCPHYFDGP;PEPLIST;36196.6;70;RCPHYFDGP;70;0;HLA-A0201
0;GRCPHYFDG;PEPLIST;39526.2;80;GRCPHYFDG;80;0;HLA-A0201
0;HGRCPHYFD;PEPLIST;41740.1;90;HGRCPHYFD;90;0;HLA-A0201
0;VHGRCPHYF;PEPLIST;32415.8;55;VHGRCPHYF;55;0;HLA-A0201
0;RVHGRCPHY;PEPLIST;28037.2;42;RVHGRCPHY;42;0;HLA-A0201
0;TRVHGRCPH;PEPLIST;43826;99;TRVHGRCPH;99;0;HLA-A0201
0;RVFTEEEDS;PEPLIST;33229.8;60;RVFTEEEDS;60;0;HLA-A0201
0;VRVFTEEED;PEPLIST;42516.8;95;VRVFTEEED;95;0;HLA-A0201
0;VVRVFTEEE;PEPLIST;30059.2;47;VVRVFTEEE;47;0;HLA-A0201
0;QVVRVFTEE;PEPLIST;30901.1;49;QVVRVFTEE;49;0;HLA-A0201
0;CQVVRVFTE;PEPLIST;15447;21;CQVVRVFTE;21;0;HLA-A0201
0;GCQVVRVFT;PEPLIST;22530.9;31;GCQVVRVFT;31;0;HLA-A0201
0;CGCQVVRVF;PEPLIST;22322.2;31;CGCQVVRVF;31;0;HLA-A0201
0;VCGCQVVRV;PEPLIST;11330.5;17;VCGCQVVRV;17;0;HLA-A0201
0;FVCGCQVVR;PEPLIST;14557.3;20;FVCGCQVVR;20;0;HLA-A0201
0;RTSHLNQSP;PEPLIST;36013.8;70;RTSHLNQSP;70;0;HLA-A0201
0;ARTSHLNQS;PEPLIST;41043.3;90;ARTSHLNQS;90;0;HLA-A0201
0;NARTSHLNQ;PEPLIST;39518.9;80;NARTSHLNQ;80;0;HLA-A0201
0;TNARTSHLN;PEPLIST;44675.8;99;TNARTSHLN;99;0;HLA-A0201
0;GTNARTSHL;PEPLIST;14361.4;20;GTNARTSHL;20;0;HLA-A0201
0;MGTNARTSH;PEPLIST;43802.8;99;MGTNARTSH;99;0;HLA-A0201
0;PMGTNARTS;PEPLIST;40414.4;85;PMGTNARTS;85;0;HLA-A0201
0;SPMGTNART;PEPLIST;33335.6;60;SPMGTNART;60;0;HLA-A0201
0;LSPMGTNAR;PEPLIST;36255.8;70;LSPMGTNAR;70;0;HLA-A0201
0;RVIVGVVRR;PEPLIST;22003;30;RVIVGVVRR;30;0;HLA-A0201
0;NRVIVGVVR;PEPLIST;26585.7;39;NRVIVGVVR;39;0;HLA-A0201
0;ENRVIVGVV;PEPLIST;26359.8;38;ENRVIVGVV;38;0;HLA-A0201
0;SENRVIVGV;PEPLIST;15328.3;21;SENRVIVGV;21;0;HLA-A0201
0;LSENRVIVG;PEPLIST;31546;55;LSENRVIVG;55;0;HLA-A0201
0;KLSENRVIV;PEPLIST;124.7;1.2;KLSENRVIV;1.2;1;HLA-A0201
0;SKLSENRVI;PEPLIST;37823.8;75;SKLSENRVI;75;0;HLA-A0201
0;SSKLSENRV;PEPLIST;29671.4;46;SSKLSENRV;46;0;HLA-A0201
0;RSSKLSENR;PEPLIST;36419.4;70;RSSKLSENR;70;0;HLA-A0201
0;HPVRHPPSP;PEPLIST;44252.9;99;HPVRHPPSP;99;0;HLA-A0201
0;LHPVRHPPS;PEPLIST;42584;95;LHPVRHPPS;95;0;HLA-A0201
0;DLHPVRHPP;PEPLIST;28637.8;43;DLHPVRHPP;43;0;HLA-A0201
0;YDLHPVRHP;PEPLIST;37041.7;70;YDLHPVRHP;70;0;HLA-A0201
0;HYDLHPVRH;PEPLIST;36290.4;70;HYDLHPVRH;70;0;HLA-A0201
0;GHYDLHPVR;PEPLIST;39895.7;85;GHYDLHPVR;85;0;HLA-A0201
0;PGHYDLHPV;PEPLIST;29114;44;PGHYDLHPV;44;0;HLA-A0201
0;IPGHYDLHP;PEPLIST;35645.5;65;IPGHYDLHP;65;0;HLA-A0201
0;HIPGHYDLH;PEPLIST;37523.4;75;HIPGHYDLH;75;0;HLA-A0201
0;WRQETDYVL;PEPLIST;22502.6;31;WRQETDYVL;31;0;HLA-A0201
0;CWRQETDYV;PEPLIST;25374.7;36;CWRQETDYV;36;0;HLA-A0201
0;DCWRQETDY;PEPLIST;39961.4;85;DCWRQETDY;85;0;HLA-A0201
0;ADCWRQETD;PEPLIST;43486.4;95;ADCWRQETD;95;0;HLA-A0201
0;PADCWRQET;PEPLIST;39544.2;80;PADCWRQET;80;0;HLA-A0201
0;VPADCWRQE;PEPLIST;40094.8;85;VPADCWRQE;85;0;HLA-A0201
0;GVPADCWRQ;PEPLIST;29487.1;45;GVPADCWRQ;45;0;HLA-A0201
0;HGVPADCWR;PEPLIST;39489.4;80;HGVPADCWR;80;0;HLA-A0201
0;IHGVPADCW;PEPLIST;35153.4;65;IHGVPADCW;65;0;HLA-A0201
0;VPNLSIIIG;PEPLIST;26638.1;39;VPNLSIIIG;39;0;HLA-A0201
0;IVPNLSIII;PEPLIST;2768.4;7;IVPNLSIII;7;0;HLA-A0201
0;FIVPNLSII;PEPLIST;180.9;1.5;FIVPNLSII;1.5;1;HLA-A0201
0;SFIVPNLSI;PEPLIST;13942.5;20;SFIVPNLSI;20;0;HLA-A0201
0;MSFIVPNLS;PEPLIST;11042.2;16;MSFIVPNLS;16;0;HLA-A0201
0;RMSFIVPNL;PEPLIST;22.3;0.3;RMSFIVPNL;0.3;1;HLA-A0201
0;SRMSFIVPN;PEPLIST;23853.2;34;SRMSFIVPN;34;0;HLA-A0201
0;ESRMSFIVP;PEPLIST;30331.7;48;ESRMSFIVP;48;0;HLA-A0201
0;VESRMSFIV;PEPLIST;17212.9;24;VESRMSFIV;24;0;HLA-A0201
0;QVGKKAGTM;PEPLIST;32172.7;55;QVGKKAGTM;55;0;HLA-A0201
0;TQVGKKAGT;PEPLIST;32357.3;55;TQVGKKAGT;55;0;HLA-A0201
0;WLPLGVEEL;PEPLIST;198.6;1.6;WLPLGVEEL;1.6;1;HLA-A0201
0;KWLPLGVEE;PEPLIST;32433.4;55;KWLPLGVEE;55;0;HLA-A0201
0;GKWLPLGVE;PEPLIST;31208.2;50;GKWLPLGVE;50;0;HLA-A0201
0;PGKWLPLGV;PEPLIST;30513.4;48;PGKWLPLGV;48;0;HLA-A0201
0;KPGKWLPLG;PEPLIST;33913.4;60;KPGKWLPLG;60;0;HLA-A0201
0;LKPGKWLPL;PEPLIST;17395.2;24;LKPGKWLPL;24;0;HLA-A0201
0;KLKPGKWLP;PEPLIST;20080.2;27;KLKPGKWLP;27;0;HLA-A0201
0;PKLKPGKWL;PEPLIST;42093.9;90;PKLKPGKWL;90;0;HLA-A0201
0;KPKLKPGKW;PEPLIST;38089.1;75;KPKLKPGKW;75;0;HLA-A0201
0;TFAFTKRVL;PEPLIST;33782.3;60;TFAFTKRVL;60;0;HLA-A0201
0;ITFAFTKRV;PEPLIST;535.3;3;ITFAFTKRV;3;0;HLA-A0201
0;DITFAFTKR;PEPLIST;35134.3;65;DITFAFTKR;65;0;HLA-A0201
0;LDITFAFTK;PEPLIST;23087.4;32;LDITFAFTK;32;0;HLA-A0201
0;CLDITFAFT;PEPLIST;1401.7;5;CLDITFAFT;5;0;HLA-A0201
0;HCLDITFAF;PEPLIST;9376.8;15;HCLDITFAF;15;0;HLA-A0201
0;IHCLDITFA;PEPLIST;17529.4;24;IHCLDITFA;24;0;HLA-A0201
0;RIHCLDITF;PEPLIST;12388.5;18;RIHCLDITF;18;0;HLA-A0201
0;DRIHCLDIT;PEPLIST;35408;65;DRIHCLDIT;65;0;HLA-A0201
0;RLISHWKGN;PEPLIST;28195.7;42;RLISHWKGN;42;0;HLA-A0201
0;ARLISHWKG;PEPLIST;36313.9;70;ARLISHWKG;70;0;HLA-A0201
0;SARLISHWK;PEPLIST;28455;43;SARLISHWK;43;0;HLA-A0201
0;LSARLISHW;PEPLIST;29001.7;44;LSARLISHW;44;0;HLA-A0201
0;ILSARLISH;PEPLIST;11277.3;17;ILSARLISH;17;0;HLA-A0201
0;NILSARLIS;PEPLIST;27185.8;40;NILSARLIS;40;0;HLA-A0201
0;TNILSARLI;PEPLIST;25386.2;36;TNILSARLI;36;0;HLA-A0201
0;LTNILSARL;PEPLIST;6629.1;12;LTNILSARL;12;0;HLA-A0201
0;ALTNILSAR;PEPLIST;13790.5;19;ALTNILSAR;19;0;HLA-A0201
0;RDCSCDLVG;PEPLIST;35656.3;65;RDCSCDLVG;65;0;HLA-A0201
0;PRDCSCDLV;PEPLIST;31764.2;55;PRDCSCDLV;55;0;HLA-A0201
0;NPRDCSCDL;PEPLIST;34039.8;60;NPRDCSCDL;60;0;HLA-A0201
0;DNPRDCSCD;PEPLIST;45592.4;99;DNPRDCSCD;99;0;HLA-A0201
0;EDNPRDCSC;PEPLIST;43332.3;95;EDNPRDCSC;95;0;HLA-A0201
0;LEDNPRDCS;PEPLIST;43857.8;99;LEDNPRDCS;99;0;HLA-A0201
0;DLEDNPRDC;PEPLIST;38414;75;DLEDNPRDC;75;0;HLA-A0201
0;IDLEDNPRD;PEPLIST;44206;99;IDLEDNPRD;99;0;HLA-A0201
0;QIDLEDNPR;PEPLIST;33381.5;60;QIDLEDNPR;60;0;HLA-A0201
0;MAESASGPS;PEPLIST;36240.1;70;MAESASGPS;70;0;HLA-A0201
0;PMAESASGP;PEPLIST;37492.1;75;PMAESASGP;75;0;HLA-A0201
0;GPMAESASG;PEPLIST;40560.3;85;GPMAESASG;85;0;HLA-A0201
0;PGPMAESAS;PEPLIST;45193.1;99;PGPMAESAS;99;0;HLA-A0201
0;RPGPMAESA;PEPLIST;31666.7;55;RPGPMAESA;55;0;HLA-A0201
0;ARPGPMAES;PEPLIST;39199.1;80;ARPGPMAES;80;0;HLA-A0201
0;EARPGPMAE;PEPLIST;39053;80;EARPGPMAE;80;0;HLA-A0201
0;GEARPGPMA;PEPLIST;39784.9;85;GEARPGPMA;85;0;HLA-A0201
0;AGEARPGPM;PEPLIST;34848.1;65;AGEARPGPM;65;0;HLA-A0201
0;RLLLQISDA;PEPLIST;1027.5;4;RLLLQISDA;4;0;HLA-A0201
0;VRLLLQISD;PEPLIST;33496.5;60;VRLLLQISD;60;0;HLA-A0201
0;IVRLLLQIS;PEPLIST;17397.5;24;IVRLLLQIS;24;0;HLA-A0201
0;VIVRLLLQI;PEPLIST;1195.4;4.5;VIVRLLLQI;4.5;0;HLA-A0201
0;EVIVRLLLQ;PEPLIST;19139.3;26;EVIVRLLLQ;26;0;HLA-A0201
0;MEVIVRLLL;PEPLIST;9221.4;14;MEVIVRLLL;14;0;HLA-A0201
0;HMEVIVRLL;PEPLIST;4447;9;HMEVIVRLL;9;0;HLA-A0201
0;LHMEVIVRL;PEPLIST;3721.2;8;LHMEVIVRL;8;0;HLA-A0201
0;VLHMEVIVR;PEPLIST;11596.1;17;VLHMEVIVR;17;0;HLA-A0201
0;LSNVTFLIF;PEPLIST;15473.8;21;LSNVTFLIF;21;0;HLA-A0201
0;ILSNVTFLI;PEPLIST;7.8;0.08;ILSNVTFLI;0.08;1;HLA-A0201
0;DILSNVTFL;PEPLIST;5386.6;10;DILSNVTFL;10;0;HLA-A0201
0;HDILSNVTF;PEPLIST;25694.6;37;HDILSNVTF;37;0;HLA-A0201
0;LHDILSNVT;PEPLIST;30785.6;49;LHDILSNVT;49;0;HLA-A0201
0;ILHDILSNV;PEPLIST;7.8;0.08;ILHDILSNV;0.08;1;HLA-A0201
0;AILHDILSN;PEPLIST;19214.2;26;AILHDILSN;26;0;HLA-A0201
0;EAILHDILS;PEPLIST;29700.7;46;EAILHDILS;46;0;HLA-A0201
0;EEAILHDIL;PEPLIST;31939.2;55;EEAILHDIL;55;0;HLA-A0201
0;CSCCGKFNE;PEPLIST;37777.9;75;CSCCGKFNE;75;0;HLA-A0201
0;HCSCCGKFN;PEPLIST;39158.4;80;HCSCCGKFN;80;0;HLA-A0201
0;PHCSCCGKF;PEPLIST;36529.5;70;PHCSCCGKF;70;0;HLA-A0201
0;HPHCSCCGK;PEPLIST;35805.2;65;HPHCSCCGK;65;0;HLA-A0201
0;GHPHCSCCG;PEPLIST;41598.5;90;GHPHCSCCG;90;0;HLA-A0201
0;PGHPHCSCC;PEPLIST;42295.2;95;PGHPHCSCC;95;0;HLA-A0201
0;HPGHPHCSC;PEPLIST;42805.3;95;HPGHPHCSC;95;0;HLA-A0201
0;GHPGHPHCS;PEPLIST;43837.9;99;GHPGHPHCS;99;0;HLA-A0201
0;KGHPGHPHC;PEPLIST;40174.7;85;KGHPGHPHC;85;0;HLA-A0201
0;KLQALISPS;PEPLIST;1008;4;KLQALISPS;4;0;HLA-A0201
0;QKLQALISP;PEPLIST;30501.5;48;QKLQALISP;48;0;HLA-A0201
0;PQKLQALIS;PEPLIST;35557.7;65;PQKLQALIS;65;0;HLA-A0201
0;CPQKLQALI;PEPLIST;26481.8;39;CPQKLQALI;39;0;HLA-A0201
0;LCPQKLQAL;PEPLIST;17986.1;25;LCPQKLQAL;25;0;HLA-A0201
0;TLCPQKLQA;PEPLIST;7282.5;12;TLCPQKLQA;12;0;HLA-A0201
0;RTLCPQKLQ;PEPLIST;39625.1;85;RTLCPQKLQ;85;0;HLA-A0201
0;GRTLCPQKL;PEPLIST;31814.4;55;GRTLCPQKL;55;0;HLA-A0201
0;RGRTLCPQK;PEPLIST;36279.8;70;RGRTLCPQK;70;0;HLA-A0201
0;QFQLERVNL;PEPLIST;28226.5;42;QFQLERVNL;42;0;HLA-A0201
0;QQFQLERVN;PEPLIST;35777.3;65;QQFQLERVN;65;0;HLA-A0201
0;FQQFQLERV;PEPLIST;260.9;1.9;FQQFQLERV;1.9;1;HLA-A0201
0;YFQQFQLER;PEPLIST;26031.8;38;YFQQFQLER;38;0;HLA-A0201
0;AYFQQFQLE;PEPLIST;31293.1;50;AYFQQFQLE;50;0;HLA-A0201
0;NAYFQQFQL;PEPLIST;5558.2;11;NAYFQQFQL;11;0;HLA-A0201
0;ENAYFQQFQ;PEPLIST;41657.1;90;ENAYFQQFQ;90;0;HLA-A0201
0;CENAYFQQF;PEPLIST;29383.3;45;CENAYFQQF;45;0;HLA-A0201
0;LCENAYFQQ;PEPLIST;34293.1;60;LCENAYFQQ;60;0;HLA-A0201
0;IAPGGQESP;PEPLIST;38733.2;80;IAPGGQESP;80;0;HLA-A0201
0;PIAPGGQES;PEPLIST;41151.8;90;PIAPGGQES;90;0;HLA-A0201
0;PPIAPGGQE;PEPLIST;45311.1;99;PPIAPGGQE;99;0;HLA-A0201
0;PPPIAPGGQ;PEPLIST;42419.8;95;PPPIAPGGQ;95;0;HLA-A0201
0;LPPPIAPGG;PEPLIST;37224.5;75;LPPPIAPGG;75;0;HLA-A0201
0;PLPPPIAPG;PEPLIST;25777.1;37;PLPPPIAPG;37;0;HLA-A0201
0;LPLPPPIAP;PEPLIST;33205.7;60;LPLPPPIAP;60;0;HLA-A0201
0;SLPLPPPIA;PEPLIST;3279.1;7.5;SLPLPPPIA;7.5;0;HLA-A0201
0;PSLPLPPPI;PEPLIST;20606.2;28;PSLPLPPPI;28;0;HLA-A0201
0;GEKSFSQSS;PEPLIST;40751.2;85;GEKSFSQSS;85;0;HLA-A0201
0;EGEKSFSQS;PEPLIST;42268.7;95;EGEKSFSQS;95;0;HLA-A0201
0;TEGEKSFSQ;PEPLIST;39934.6;85;TEGEKSFSQ;85;0;HLA-A0201
0;CTEGEKSFS;PEPLIST;40562.1;85;CTEGEKSFS;85;0;HLA-A0201
0;KCTEGEKSF;PEPLIST;37875;75;KCTEGEKSF;75;0;HLA-A0201
0;YKCTEGEKS;PEPLIST;41314.2;90;YKCTEGEKS;90;0;HLA-A0201
0;PYKCTEGEK;PEPLIST;45152.6;99;PYKCTEGEK;99;0;HLA-A0201
0;KPYKCTEGE;PEPLIST;36904.9;70;KPYKCTEGE;70;0;HLA-A0201
0;DKPYKCTEG;PEPLIST;43069.2;95;DKPYKCTEG;95;0;HLA-A0201
0;QAHGGDGRF;PEPLIST;37306.8;75;QAHGGDGRF;75;0;HLA-A0201
0;EQAHGGDGR;PEPLIST;41967.4;90;EQAHGGDGR;90;0;HLA-A0201
0;HEQAHGGDG;PEPLIST;44649.3;99;HEQAHGGDG;99;0;HLA-A0201
0;RHEQAHGGD;PEPLIST;44977;99;RHEQAHGGD;99;0;HLA-A0201
0;LRHEQAHGG;PEPLIST;40921.3;90;LRHEQAHGG;90;0;HLA-A0201
0;LLRHEQAHG;PEPLIST;28237.8;42;LLRHEQAHG;42;0;HLA-A0201
0;VLLRHEQAH;PEPLIST;31488.4;55;VLLRHEQAH;55;0;HLA-A0201
0;SVLLRHEQA;PEPLIST;16777.3;23;SVLLRHEQA;23;0;HLA-A0201
0;SSVLLRHEQ;PEPLIST;35578.1;65;SSVLLRHEQ;65;0;HLA-A0201
0;FTYIHTMNV;PEPLIST;20.7;0.3;FTYIHTMNV;0.3;1;HLA-A0201
0;IFTYIHTMN;PEPLIST;37437.8;75;IFTYIHTMN;75;0;HLA-A0201
0;DIFTYIHTM;PEPLIST;4654.5;9.5;DIFTYIHTM;9.5;0;HLA-A0201
0;VDIFTYIHT;PEPLIST;23341.3;33;VDIFTYIHT;33;0;HLA-A0201
0;FVDIFTYIH;PEPLIST;11540.1;17;FVDIFTYIH;17;0;HLA-A0201
0;GFVDIFTYI;PEPLIST;2143.3;6;GFVDIFTYI;6;0;HLA-A0201
0;KGFVDIFTY;PEPLIST;15787;22;KGFVDIFTY;22;0;HLA-A0201
0;IKGFVDIFT;PEPLIST;20475;28;IKGFVDIFT;28;0;HLA-A0201
0;NIKGFVDIF;PEPLIST;21709.3;30;NIKGFVDIF;30;0;HLA-A0201
0;IVTQRSKRA;PEPLIST;32928.1;55;IVTQRSKRA;55;0;HLA-A0201
0;NIVTQRSKR;PEPLIST;44084.7;99;NIVTQRSKR;99;0;HLA-A0201
0;QNIVTQRSK;PEPLIST;42806.2;95;QNIVTQRSK;95;0;HLA-A0201
0;QQNIVTQRS;PEPLIST;27980.2;42;QQNIVTQRS;42;0;HLA-A0201
0;SQQNIVTQR;PEPLIST;29247.8;45;SQQNIVTQR;45;0;HLA-A0201
0;TSQQNIVTQ;PEPLIST;32797.9;55;TSQQNIVTQ;55;0;HLA-A0201
0;NTSQQNIVT;PEPLIST;32080.5;55;NTSQQNIVT;55;0;HLA-A0201
0;PNTSQQNIV;PEPLIST;43967.5;99;PNTSQQNIV;99;0;HLA-A0201
0;SPNTSQQNI;PEPLIST;37854.5;75;SPNTSQQNI;75;0;HLA-A0201
0;NQNVNGVHA;PEPLIST;23148.9;32;NQNVNGVHA;32;0;HLA-A0201
0;YNQNVNGVH;PEPLIST;39304.4;80;YNQNVNGVH;80;0;HLA-A0201
0;GYNQNVNGV;PEPLIST;24614.6;35;GYNQNVNGV;35;0;HLA-A0201
0;GGYNQNVNG;PEPLIST;40985.1;90;GGYNQNVNG;90;0;HLA-A0201
0;GGGYNQNVN;PEPLIST;45561.8;99;GGGYNQNVN;99;0;HLA-A0201
0;YGGGYNQNV;PEPLIST;9611.6;15;YGGGYNQNV;15;0;HLA-A0201
0;AYGGGYNQN;PEPLIST;43088.3;95;AYGGGYNQN;95;0;HLA-A0201
0;LAYGGGYNQ;PEPLIST;30744.3;49;LAYGGGYNQ;49;0;HLA-A0201
0;RLAYGGGYN;PEPLIST;29070.2;44;RLAYGGGYN;44;0;HLA-A0201
0;YITPEALSC;PEPLIST;9198.1;14;YITPEALSC;14;0;HLA-A0201
0;NYITPEALS;PEPLIST;39811.6;85;NYITPEALS;85;0;HLA-A0201
0;PNYITPEAL;PEPLIST;29845.3;46;PNYITPEAL;46;0;HLA-A0201
0;LPNYITPEA;PEPLIST;25976.4;38;LPNYITPEA;38;0;HLA-A0201
0;FLPNYITPE;PEPLIST;1156.8;4.5;FLPNYITPE;4.5;0;HLA-A0201
0;IFLPNYITP;PEPLIST;24896.3;35;IFLPNYITP;35;0;HLA-A0201
0;NIFLPNYIT;PEPLIST;9365.1;15;NIFLPNYIT;15;0;HLA-A0201
0;GNIFLPNYI;PEPLIST;16223.7;22;GNIFLPNYI;22;0;HLA-A0201
0;PGNIFLPNY;PEPLIST;31724;55;PGNIFLPNY;55;0;HLA-A0201
0;QIRTMAQFL;PEPLIST;13339.6;19;QIRTMAQFL;19;0;HLA-A0201
0;GQIRTMAQF;PEPLIST;16332.7;22;GQIRTMAQF;22;0;HLA-A0201
0;KGQIRTMAQ;PEPLIST;35016.3;65;KGQIRTMAQ;65;0;HLA-A0201
0;SKGQIRTMA;PEPLIST;34518.6;60;SKGQIRTMA;60;0;HLA-A0201
0;LSKGQIRTM;PEPLIST;29954.7;47;LSKGQIRTM;47;0;HLA-A0201
0;NLSKGQIRT;PEPLIST;8660.8;14;NLSKGQIRT;14;0;HLA-A0201
0;RNLSKGQIR;PEPLIST;41210.1;90;RNLSKGQIR;90;0;HLA-A0201
0;KRNLSKGQI;PEPLIST;39886.2;85;KRNLSKGQI;85;0;HLA-A0201
0;LKRNLSKGQ;PEPLIST;40416.2;85;LKRNLSKGQ;85;0;HLA-A0201
0;SLWCQGLAF;PEPLIST;2690.2;7;SLWCQGLAF;7;0;HLA-A0201
0;GSLWCQGLA;PEPLIST;16546.9;23;GSLWCQGLA;23;0;HLA-A0201
0;LGSLWCQGL;PEPLIST;16967.7;23;LGSLWCQGL;23;0;HLA-A0201
0;ALGSLWCQG;PEPLIST;10258.8;16;ALGSLWCQG;16;0;HLA-A0201
0;AALGSLWCQ;PEPLIST;17953;25;AALGSLWCQ;25;0;HLA-A0201
0;VAALGSLWC;PEPLIST;20335.5;28;VAALGSLWC;28;0;HLA-A0201
0;AVAALGSLW;PEPLIST;23627.4;33;AVAALGSLW;33;0;HLA-A0201
0;EAVAALGSL;PEPLIST;23361.5;33;EAVAALGSL;33;0;HLA-A0201
0;AEAVAALGS;PEPLIST;34108.8;60;AEAVAALGS;60;0;HLA-A0201
0;YLTEDILNI;PEPLIST;4.9;0.03;YLTEDILNI;0.03;1;HLA-A0201
0;PYLTEDILN;PEPLIST;42147.2;90;PYLTEDILN;90;0;HLA-A0201
0;LPYLTEDIL;PEPLIST;22506;31;LPYLTEDIL;31;0;HLA-A0201
0;SLPYLTEDI;PEPLIST;1114.2;4.5;SLPYLTEDI;4.5;0;HLA-A0201
0;HSLPYLTED;PEPLIST;33925.1;60;HSLPYLTED;60;0;HLA-A0201
0;FHSLPYLTE;PEPLIST;30641.1;48;FHSLPYLTE;48;0;HLA-A0201
0;SFHSLPYLT;PEPLIST;19725.5;27;SFHSLPYLT;27;0;HLA-A0201
0;PSFHSLPYL;PEPLIST;11608.3;17;PSFHSLPYL;17;0;HLA-A0201
0;VPSFHSLPY;PEPLIST;28636.9;43;VPSFHSLPY;43;0;HLA-A0201
0;IPTSSVDGG;PEPLIST;39938.9;85;IPTSSVDGG;85;0;HLA-A0201
0;AIPTSSVDG;PEPLIST;34790.5;65;AIPTSSVDG;65;0;HLA-A0201
0;TAIPTSSVD;PEPLIST;42429;95;TAIPTSSVD;95;0;HLA-A0201
0;STAIPTSSV;PEPLIST;4525.3;9;STAIPTSSV;9;0;HLA-A0201
0;VSTAIPTSS;PEPLIST;32576.9;55;VSTAIPTSS;55;0;HLA-A0201
0;SVSTAIPTS;PEPLIST;16645.7;23;SVSTAIPTS;23;0;HLA-A0201
0;SSVSTAIPT;PEPLIST;17865;24;SSVSTAIPT;24;0;HLA-A0201
0;YSSVSTAIP;PEPLIST;29635.5;46;YSSVSTAIP;46;0;HLA-A0201
0;GYSSVSTAI;PEPLIST;22099.7;31;GYSSVSTAI;31;0;HLA-A0201
0;YEETGLCLL;PEPLIST;14011;20;YEETGLCLL;20;0;HLA-A0201
0;KYEETGLCL;PEPLIST;22668.5;31;KYEETGLCL;31;0;HLA-A0201
0;IKYEETGLC;PEPLIST;32793.7;55;IKYEETGLC;55;0;HLA-A0201
0;CIKYEETGL;PEPLIST;23610.3;33;CIKYEETGL;33;0;HLA-A0201
0;RCIKYEETG;PEPLIST;36691.1;70;RCIKYEETG;70;0;HLA-A0201
0;ERCIKYEET;PEPLIST;39560.8;80;ERCIKYEET;80;0;HLA-A0201
0;KERCIKYEE;PEPLIST;39330.4;80;KERCIKYEE;80;0;HLA-A0201
0;LKERCIKYE;PEPLIST;37693.8;75;LKERCIKYE;75;0;HLA-A0201
0;QLKERCIKY;PEPLIST;22401.6;31;QLKERCIKY;31;0;HLA-A0201
0;VTTAAGPPG;PEPLIST;35802.4;65;VTTAAGPPG;65;0;HLA-A0201
0;EVTTAAGPP;PEPLIST;42207.9;95;EVTTAAGPP;95;0;HLA-A0201
0;SEVTTAAGP;PEPLIST;38352.9;75;SEVTTAAGP;75;0;HLA-A0201
0;VSEVTTAAG;PEPLIST;33345.4;60;VSEVTTAAG;60;0;HLA-A0201
0;DVSEVTTAA;PEPLIST;19012.6;26;DVSEVTTAA;26;0;HLA-A0201
0;SDVSEVTTA;PEPLIST;30589.7;48;SDVSEVTTA;48;0;HLA-A0201
0;YSDVSEVTT;PEPLIST;18619.9;25;YSDVSEVTT;25;0;HLA-A0201
0;PYSDVSEVT;PEPLIST;40714.2;85;PYSDVSEVT;85;0;HLA-A0201
0;GPYSDVSEV;PEPLIST;15866.6;22;GPYSDVSEV;22;0;HLA-A0201
0;SPSRKRRSL;PEPLIST;42178.2;95;SPSRKRRSL;95;0;HLA-A0201
0;PSPSRKRRS;PEPLIST;46646.3;99;PSPSRKRRS;99;0;HLA-A0201
0;DPSPSRKRR;PEPLIST;45279.2;99;DPSPSRKRR;99;0;HLA-A0201
0;EDPSPSRKR;PEPLIST;44810.9;99;EDPSPSRKR;99;0;HLA-A0201
0;AEDPSPSRK;PEPLIST;41144.2;90;AEDPSPSRK;90;0;HLA-A0201
0;GAEDPSPSR;PEPLIST;39422.4;80;GAEDPSPSR;80;0;HLA-A0201
0;TGAEDPSPS;PEPLIST;40119.9;85;TGAEDPSPS;85;0;HLA-A0201
0;GTGAEDPSP;PEPLIST;38904.6;80;GTGAEDPSP;80;0;HLA-A0201
0;SGTGAEDPS;PEPLIST;43194.7;95;SGTGAEDPS;95;0;HLA-A0201
0;WFHSDDNIS;PEPLIST;40064.8;85;WFHSDDNIS;85;0;HLA-A0201
0;IWFHSDDNI;PEPLIST;21324.7;29;IWFHSDDNI;29;0;HLA-A0201
0;WIWFHSDDN;PEPLIST;30453.7;48;WIWFHSDDN;48;0;HLA-A0201
0;IWIWFHSDD;PEPLIST;37820.9;75;IWIWFHSDD;75;0;HLA-A0201
0;HIWIWFHSD;PEPLIST;14698.2;21;HIWIWFHSD;21;0;HLA-A0201
0;DHIWIWFHS;PEPLIST;24153.1;34;DHIWIWFHS;34;0;HLA-A0201
0;QDHIWIWFH;PEPLIST;25211.9;36;QDHIWIWFH;36;0;HLA-A0201
0;SQDHIWIWF;PEPLIST;8661.9;14;SQDHIWIWF;14;0;HLA-A0201
0;SSQDHIWIW;PEPLIST;24610.8;35;SSQDHIWIW;35;0;HLA-A0201
0;LYIASAFRN;PEPLIST;34150.9;60;LYIASAFRN;60;0;HLA-A0201
0;WLYIASAFR;PEPLIST;5273.4;10;WLYIASAFR;10;0;HLA-A0201
0;KWLYIASAF;PEPLIST;19569;27;KWLYIASAF;27;0;HLA-A0201
0;GKWLYIASA;PEPLIST;5544.7;11;GKWLYIASA;11;0;HLA-A0201
0;TGKWLYIAS;PEPLIST;31404.3;50;TGKWLYIAS;50;0;HLA-A0201
0;ITGKWLYIA;PEPLIST;2860.9;7;ITGKWLYIA;7;0;HLA-A0201
0;RITGKWLYI;PEPLIST;972.4;4;RITGKWLYI;4;0;HLA-A0201
0;DRITGKWLY;PEPLIST;36132.4;70;DRITGKWLY;70;0;HLA-A0201
0;LDRITGKWL;PEPLIST;29426.2;45;LDRITGKWL;45;0;HLA-A0201
0;KCCKKLKIL;PEPLIST;23468.9;33;KCCKKLKIL;33;0;HLA-A0201
0;HKCCKKLKI;PEPLIST;36124.6;70;HKCCKKLKI;70;0;HLA-A0201
0;LHKCCKKLK;PEPLIST;41452.5;90;LHKCCKKLK;90;0;HLA-A0201
0;LLHKCCKKL;PEPLIST;3512.2;8;LLHKCCKKL;8;0;HLA-A0201
0;DLLHKCCKK;PEPLIST;29992.3;47;DLLHKCCKK;47;0;HLA-A0201
0;RDLLHKCCK;PEPLIST;40632.4;85;RDLLHKCCK;85;0;HLA-A0201
0;RRDLLHKCC;PEPLIST;37436.6;75;RRDLLHKCC;75;0;HLA-A0201
0;QRRDLLHKC;PEPLIST;36949.2;70;QRRDLLHKC;70;0;HLA-A0201
0;KQRRDLLHK;PEPLIST;30437.5;48;KQRRDLLHK;48;0;HLA-A0201
0;LTLGVIEAI;PEPLIST;470;3;LTLGVIEAI;3;0;HLA-A0201
0;MLTLGVIEA;PEPLIST;60.9;0.7;MLTLGVIEA;0.7;1;HLA-A0201
0;AMLTLGVIE;PEPLIST;16010.8;22;AMLTLGVIE;22;0;HLA-A0201
0;VAMLTLGVI;PEPLIST;5281.2;10;VAMLTLGVI;10;0;HLA-A0201
0;CVAMLTLGV;PEPLIST;628.3;3.5;CVAMLTLGV;3.5;0;HLA-A0201
0;TCVAMLTLG;PEPLIST;22453;31;TCVAMLTLG;31;0;HLA-A0201
0;YTCVAMLTL;PEPLIST;943.8;4;YTCVAMLTL;4;0;HLA-A0201
0;NYTCVAMLT;PEPLIST;24709;35;NYTCVAMLT;35;0;HLA-A0201
0;ANYTCVAML;PEPLIST;6702;12;ANYTCVAML;12;0;HLA-A0201
0;CATTQANGG;PEPLIST;40775;85;CATTQANGG;85;0;HLA-A0201
0;YCATTQANG;PEPLIST;35182.7;65;YCATTQANG;65;0;HLA-A0201
0;SYCATTQAN;PEPLIST;39677;85;SYCATTQAN;85;0;HLA-A0201
0;KSYCATTQA;PEPLIST;9249.1;14;KSYCATTQA;14;0;HLA-A0201
0;TKSYCATTQ;PEPLIST;38666.2;80;TKSYCATTQ;80;0;HLA-A0201
0;TTKSYCATT;PEPLIST;25058.2;36;TTKSYCATT;36;0;HLA-A0201
0;GTTKSYCAT;PEPLIST;31969.3;55;GTTKSYCAT;55;0;HLA-A0201
0;YGTTKSYCA;PEPLIST;25444.2;37;YGTTKSYCA;37;0;HLA-A0201
0;NYGTTKSYC;PEPLIST;42378.6;95;NYGTTKSYC;95;0;HLA-A0201
0;TPPKTRRRA;PEPLIST;44136.2;99;TPPKTRRRA;99;0;HLA-A0201
0;GTPPKTRRR;PEPLIST;41952.4;90;GTPPKTRRR;90;0;HLA-A0201
0;RGTPPKTRR;PEPLIST;44113.3;99;RGTPPKTRR;99;0;HLA-A0201
0;RRGTPPKTR;PEPLIST;41765.4;90;RRGTPPKTR;90;0;HLA-A0201
0;PRRGTPPKT;PEPLIST;44091.4;99;PRRGTPPKT;99;0;HLA-A0201
0;TPRRGTPPK;PEPLIST;42423.1;95;TPRRGTPPK;95;0;HLA-A0201
0;TTPRRGTPP;PEPLIST;42207;95;TTPRRGTPP;95;0;HLA-A0201
0;PTTPRRGTP;PEPLIST;45678.3;99;PTTPRRGTP;99;0;HLA-A0201
0;VPTTPRRGT;PEPLIST;44426.1;99;VPTTPRRGT;99;0;HLA-A0201
0;FVVHEYYNS;PEPLIST;10970;16;FVVHEYYNS;16;0;HLA-A0201
0;RFVVHEYYN;PEPLIST;36300.6;70;RFVVHEYYN;70;0;HLA-A0201
0;RRFVVHEYY;PEPLIST;22460.3;31;RRFVVHEYY;31;0;HLA-A0201
0;VRRFVVHEY;PEPLIST;27106.8;40;VRRFVVHEY;40;0;HLA-A0201
0;PVRRFVVHE;PEPLIST;34630.5;65;PVRRFVVHE;65;0;HLA-A0201
0;SPVRRFVVH;PEPLIST;34439.9;60;SPVRRFVVH;60;0;HLA-A0201
0;VSPVRRFVV;PEPLIST;16794.9;23;VSPVRRFVV;23;0;HLA-A0201
0;FVSPVRRFV;PEPLIST;467.8;3;FVSPVRRFV;3;0;HLA-A0201
0;KFVSPVRRF;PEPLIST;30382.6;48;KFVSPVRRF;48;0;HLA-A0201
0;FQLAKTCPV;PEPLIST;5.5;0.04;FQLAKTCPV;0.04;1;HLA-A0201
0;FFQLAKTCP;PEPLIST;35223;65;FFQLAKTCP;65;0;HLA-A0201
0;MFFQLAKTC;PEPLIST;17070.3;23;MFFQLAKTC;23;0;HLA-A0201
0;KMFFQLAKT;PEPLIST;196.6;1.6;KMFFQLAKT;1.6;1;HLA-A0201
0;NKMFFQLAK;PEPLIST;28992;44;NKMFFQLAK;44;0;HLA-A0201
0;LNKMFFQLA;PEPLIST;20637.6;28;LNKMFFQLA;28;0;HLA-A0201
0;ALNKMFFQL;PEPLIST;45.1;0.6;ALNKMFFQL;0.6;1;HLA-A0201
0;PALNKMFFQ;PEPLIST;32514.9;55;PALNKMFFQ;55;0;HLA-A0201
0;SPALNKMFF;PEPLIST;28329;43;SPALNKMFF;43;0;HLA-A0201
0;WTRTATMLC;PEPLIST;22969.5;32;WTRTATMLC;32;0;HLA-A0201
0;EWTRTATML;PEPLIST;34709.3;65;EWTRTATML;65;0;HLA-A0201
0;VEWTRTATM;PEPLIST;17397.7;24;VEWTRTATM;24;0;HLA-A0201
0;VVEWTRTAT;PEPLIST;32378.7;55;VVEWTRTAT;55;0;HLA-A0201
0;KVVEWTRTA;PEPLIST;2325.3;6.5;KVVEWTRTA;6.5;0;HLA-A0201
0;LKVVEWTRT;PEPLIST;35878.8;65;LKVVEWTRT;65;0;HLA-A0201
0;QLKVVEWTR;PEPLIST;18600.2;25;QLKVVEWTR;25;0;HLA-A0201
0;PQLKVVEWT;PEPLIST;22248.4;31;PQLKVVEWT;31;0;HLA-A0201
0;GPQLKVVEW;PEPLIST;29392.8;45;GPQLKVVEW;45;0;HLA-A0201
0;SASAATMKP;PEPLIST;35329.1;65;SASAATMKP;65;0;HLA-A0201
0;GSASAATMK;PEPLIST;38997.7;80;GSASAATMK;80;0;HLA-A0201
0;SGSASAATM;PEPLIST;26882.8;39;SGSASAATM;39;0;HLA-A0201
0;ASGSASAAT;PEPLIST;29652.2;46;ASGSASAAT;46;0;HLA-A0201
0;AASGSASAA;PEPLIST;22549.2;31;AASGSASAA;31;0;HLA-A0201
0;TAASGSASA;PEPLIST;14247.8;20;TAASGSASA;20;0;HLA-A0201
0;STAASGSAS;PEPLIST;35919.2;65;STAASGSAS;65;0;HLA-A0201
0;PSTAASGSA;PEPLIST;42905.5;95;PSTAASGSA;95;0;HLA-A0201
0;EPSTAASGS;PEPLIST;43700.1;95;EPSTAASGS;95;0;HLA-A0201
0;WQYPSFLRT;PEPLIST;3187;7.5;WQYPSFLRT;7.5;0;HLA-A0201
0;KWQYPSFLR;PEPLIST;33590.2;60;KWQYPSFLR;60;0;HLA-A0201
0;VKWQYPSFL;PEPLIST;9873.8;15;VKWQYPSFL;15;0;HLA-A0201
0;SVKWQYPSF;PEPLIST;29097.3;44;SVKWQYPSF;44;0;HLA-A0201
0;LSVKWQYPS;PEPLIST;23925.8;34;LSVKWQYPS;34;0;HLA-A0201
0;TLSVKWQYP;PEPLIST;17756.2;24;TLSVKWQYP;24;0;HLA-A0201
0;ETLSVKWQY;PEPLIST;28647.1;43;ETLSVKWQY;43;0;HLA-A0201
0;SETLSVKWQ;PEPLIST;36217;70;SETLSVKWQ;70;0;HLA-A0201
0;SSETLSVKW;PEPLIST;32550.1;55;SSETLSVKW;55;0;HLA-A0201
0;SRWPRQFQN;PEPLIST;37697.9;75;SRWPRQFQN;75;0;HLA-A0201
0;SSRWPRQFQ;PEPLIST;39576.7;80;SSRWPRQFQ;80;0;HLA-A0201
0;SSSRWPRQF;PEPLIST;33774.2;60;SSSRWPRQF;60;0;HLA-A0201
0;MSSSRWPRQ;PEPLIST;36700.6;70;MSSSRWPRQ;70;0;HLA-A0201
0;VMSSSRWPR;PEPLIST;14744.2;21;VMSSSRWPR;21;0;HLA-A0201
0;RVMSSSRWP;PEPLIST;33490.8;60;RVMSSSRWP;60;0;HLA-A0201
0;TRVMSSSRW;PEPLIST;37559.9;75;TRVMSSSRW;75;0;HLA-A0201
0;FTRVMSSSR;PEPLIST;30799.3;49;FTRVMSSSR;49;0;HLA-A0201
0;GFTRVMSSS;PEPLIST;36460.8;70;GFTRVMSSS;70;0;HLA-A0201
0;RTRATSMSH;PEPLIST;34612.9;65;RTRATSMSH;65;0;HLA-A0201
0;FRTRATSMS;PEPLIST;41254.3;90;FRTRATSMS;90;0;HLA-A0201
0;QFRTRATSM;PEPLIST;33870.8;60;QFRTRATSM;60;0;HLA-A0201
0;PQFRTRATS;PEPLIST;37742;75;PQFRTRATS;75;0;HLA-A0201
0;CPQFRTRAT;PEPLIST;37352.8;75;CPQFRTRAT;75;0;HLA-A0201
0;DCPQFRTRA;PEPLIST;38599.8;80;DCPQFRTRA;80;0;HLA-A0201
0;PDCPQFRTR;PEPLIST;40711.6;85;PDCPQFRTR;85;0;HLA-A0201
0;HPDCPQFRT;PEPLIST;36174.7;70;HPDCPQFRT;70;0;HLA-A0201
0;THPDCPQFR;PEPLIST;39091.9;80;THPDCPQFR;80;0;HLA-A0201
0;ISQEDVVPQ;PEPLIST;27125.9;40;ISQEDVVPQ;40;0;HLA-A0201
0;AISQEDVVP;PEPLIST;32925.9;55;AISQEDVVP;55;0;HLA-A0201
0;TAISQEDVV;PEPLIST;20885;29;TAISQEDVV;29;0;HLA-A0201
0;GTAISQEDV;PEPLIST;16266.8;22;GTAISQEDV;22;0;HLA-A0201
0;PGTAISQED;PEPLIST;44952.2;99;PGTAISQED;99;0;HLA-A0201
0;EPGTAISQE;PEPLIST;41429.7;90;EPGTAISQE;90;0;HLA-A0201
0;REPGTAISQ;PEPLIST;36967.2;70;REPGTAISQ;70;0;HLA-A0201
0;NREPGTAIS;PEPLIST;41297.2;90;NREPGTAIS;90;0;HLA-A0201
0;INREPGTAI;PEPLIST;33332.4;60;INREPGTAI;60;0;HLA-A0201
0;RRQCLSGCW;PEPLIST;34920.2;65;RRQCLSGCW;65;0;HLA-A0201
0;QRRQCLSGC;PEPLIST;34190.4;60;QRRQCLSGC;60;0;HLA-A0201
0;AQRRQCLSG;PEPLIST;32666.5;55;AQRRQCLSG;55;0;HLA-A0201
0;GAQRRQCLS;PEPLIST;40687.8;85;GAQRRQCLS;85;0;HLA-A0201
0;PGAQRRQCL;PEPLIST;43836.9;99;PGAQRRQCL;99;0;HLA-A0201
0;EPGAQRRQC;PEPLIST;45518.5;99;EPGAQRRQC;99;0;HLA-A0201
0;CEPGAQRRQ;PEPLIST;43598;95;CEPGAQRRQ;95;0;HLA-A0201
0;PCEPGAQRR;PEPLIST;41707.2;90;PCEPGAQRR;90;0;HLA-A0201
0;GPCEPGAQR;PEPLIST;39790.1;85;GPCEPGAQR;85;0;HLA-A0201
0;GLVMLFIIY;PEPLIST;6612.7;12;GLVMLFIIY;12;0;HLA-A0201
0;FGLVMLFII;PEPLIST;2185.6;6;FGLVMLFII;6;0;HLA-A0201
0;VFGLVMLFI;PEPLIST;5804;11;VFGLVMLFI;11;0;HLA-A0201
0;KVFGLVMLF;PEPLIST;1859.4;5.5;KVFGLVMLF;5.5;0;HLA-A0201
0;HKVFGLVML;PEPLIST;13309.7;19;HKVFGLVML;19;0;HLA-A0201
0;EHKVFGLVM;PEPLIST;28214.6;42;EHKVFGLVM;42;0;HLA-A0201
0;SEHKVFGLV;PEPLIST;18342.4;25;SEHKVFGLV;25;0;HLA-A0201
0;VSEHKVFGL;PEPLIST;13401.9;19;VSEHKVFGL;19;0;HLA-A0201
0;SVSEHKVFG;PEPLIST;27848;41;SVSEHKVFG;41;0;HLA-A0201
0;VKVYGTVFH;PEPLIST;34319;60;VKVYGTVFH;60;0;HLA-A0201
0;SVKVYGTVF;PEPLIST;25918.6;37;SVKVYGTVF;37;0;HLA-A0201
0;ASVKVYGTV;PEPLIST;12143;18;ASVKVYGTV;18;0;HLA-A0201
0;PASVKVYGT;PEPLIST;35127.1;65;PASVKVYGT;65;0;HLA-A0201
0;LPASVKVYG;PEPLIST;34488.8;60;LPASVKVYG;60;0;HLA-A0201
0;SLPASVKVY;PEPLIST;20379.1;28;SLPASVKVY;28;0;HLA-A0201
0;KSLPASVKV;PEPLIST;2689.3;7;KSLPASVKV;7;0;HLA-A0201
0;RKSLPASVK;PEPLIST;39462.5;80;RKSLPASVK;80;0;HLA-A0201
0;LRKSLPASV;PEPLIST;25707.4;37;LRKSLPASV;37;0;HLA-A0201
0;VDKSPICDS;PEPLIST;39986.9;85;VDKSPICDS;85;0;HLA-A0201
0;HVDKSPICD;PEPLIST;37479.9;75;HVDKSPICD;75;0;HLA-A0201
0;KHVDKSPIC;PEPLIST;42238;95;KHVDKSPIC;95;0;HLA-A0201
0;EKHVDKSPI;PEPLIST;41262.8;90;EKHVDKSPI;90;0;HLA-A0201
0;LEKHVDKSP;PEPLIST;42173.6;95;LEKHVDKSP;95;0;HLA-A0201
0;LLEKHVDKS;PEPLIST;25049;36;LLEKHVDKS;36;0;HLA-A0201
0;VLLEKHVDK;PEPLIST;22261.4;31;VLLEKHVDK;31;0;HLA-A0201
0;SVLLEKHVD;PEPLIST;40588.4;85;SVLLEKHVD;85;0;HLA-A0201
0;QSVLLEKHV;PEPLIST;21868.2;30;QSVLLEKHV;30;0;HLA-A0201
0;WHTFLLEIK;PEPLIST;26626.6;39;WHTFLLEIK;39;0;HLA-A0201
0;DWHTFLLEI;PEPLIST;18400;25;DWHTFLLEI;25;0;HLA-A0201
0;DDWHTFLLE;PEPLIST;29497.3;45;DDWHTFLLE;45;0;HLA-A0201
0;SDDWHTFLL;PEPLIST;8838.3;14;SDDWHTFLL;14;0;HLA-A0201
0;ESDDWHTFL;PEPLIST;14765.6;21;ESDDWHTFL;21;0;HLA-A0201
0;TESDDWHTF;PEPLIST;35059.2;65;TESDDWHTF;65;0;HLA-A0201
0;RTESDDWHT;PEPLIST;17639.2;24;RTESDDWHT;24;0;HLA-A0201
0;LRTESDDWH;PEPLIST;42959.8;95;LRTESDDWH;95;0;HLA-A0201
0;MLRTESDDW;PEPLIST;27875.7;42;MLRTESDDW;42;0;HLA-A0201
0;GRVCVCFIV;PEPLIST;6316.7;11;GRVCVCFIV;11;0;HLA-A0201
0;SGRVCVCFI;PEPLIST;12685.8;18;SGRVCVCFI;18;0;HLA-A0201
0;MSGRVCVCF;PEPLIST;17393.2;24;MSGRVCVCF;24;0;HLA-A0201
0;LMSGRVCVC;PEPLIST;5610.2;11;LMSGRVCVC;11;0;HLA-A0201
0;TLMSGRVCV;PEPLIST;28;0.4;TLMSGRVCV;0.4;1;HLA-A0201
0;TTLMSGRVC;PEPLIST;32268.9;55;TTLMSGRVC;55;0;HLA-A0201
0;YTTLMSGRV;PEPLIST;4085.3;8.5;YTTLMSGRV;8.5;0;HLA-A0201
0;LYTTLMSGR;PEPLIST;35826.1;65;LYTTLMSGR;65;0;HLA-A0201
0;LLYTTLMSG;PEPLIST;915.3;4;LLYTTLMSG;4;0;HLA-A0201
0;PASYQWWMN;PEPLIST;39324.8;80;PASYQWWMN;80;0;HLA-A0201
0;PPASYQWWM;PEPLIST;33930.2;60;PPASYQWWM;60;0;HLA-A0201
0;TPPASYQWW;PEPLIST;35977.6;70;TPPASYQWW;70;0;HLA-A0201
0;ATPPASYQW;PEPLIST;30764.3;49;ATPPASYQW;49;0;HLA-A0201
0;PATPPASYQ;PEPLIST;42825.7;95;PATPPASYQ;95;0;HLA-A0201
0;DPATPPASY;PEPLIST;38875.1;80;DPATPPASY;80;0;HLA-A0201
0;CDPATPPAS;PEPLIST;39797;85;CDPATPPAS;85;0;HLA-A0201
0;TCDPATPPA;PEPLIST;13025.1;19;TCDPATPPA;19;0;HLA-A0201
0;LTCDPATPP;PEPLIST;31786.5;55;LTCDPATPP;55;0;HLA-A0201
0;KEDLKHILQ;PEPLIST;34434;60;KEDLKHILQ;60;0;HLA-A0201
0;HKEDLKHIL;PEPLIST;36545.7;70;HKEDLKHIL;70;0;HLA-A0201
0;FHKEDLKHI;PEPLIST;28840.3;44;FHKEDLKHI;44;0;HLA-A0201
0;IFHKEDLKH;PEPLIST;37418;75;IFHKEDLKH;75;0;HLA-A0201
0;GIFHKEDLK;PEPLIST;33881.5;60;GIFHKEDLK;60;0;HLA-A0201
0;MGIFHKEDL;PEPLIST;30345.5;48;MGIFHKEDL;48;0;HLA-A0201
0;IMGIFHKED;PEPLIST;29190.6;45;IMGIFHKED;45;0;HLA-A0201
0;LIMGIFHKE;PEPLIST;15317.9;21;LIMGIFHKE;21;0;HLA-A0201
0;LLIMGIFHK;PEPLIST;3447.1;8;LLIMGIFHK;8;0;HLA-A0201
0;HGLRTGDFL;PEPLIST;28499;43;HGLRTGDFL;43;0;HLA-A0201
0;QHGLRTGDF;PEPLIST;36921.3;70;QHGLRTGDF;70;0;HLA-A0201
0;WQHGLRTGD;PEPLIST;38719;80;WQHGLRTGD;80;0;HLA-A0201
0;AWQHGLRTG;PEPLIST;37286.6;75;AWQHGLRTG;75;0;HLA-A0201
0;VAWQHGLRT;PEPLIST;17727.9;24;VAWQHGLRT;24;0;HLA-A0201
0;GVAWQHGLR;PEPLIST;40049.2;85;GVAWQHGLR;85;0;HLA-A0201
0;GGVAWQHGL;PEPLIST;22297.3;31;GGVAWQHGL;31;0;HLA-A0201
0;EGGVAWQHG;PEPLIST;40022.4;85;EGGVAWQHG;85;0;HLA-A0201
0;DEGGVAWQH;PEPLIST;34737.8;65;DEGGVAWQH;65;0;HLA-A0201
0;ILIPSAARV;PEPLIST;21.2;0.3;ILIPSAARV;0.3;1;HLA-A0201
0;NILIPSAAR;PEPLIST;27680.3;41;NILIPSAAR;41;0;HLA-A0201
0;LNILIPSAA;PEPLIST;20362.2;28;LNILIPSAA;28;0;HLA-A0201
0;TLNILIPSA;PEPLIST;147.1;1.4;TLNILIPSA;1.4;1;HLA-A0201
0;STLNILIPS;PEPLIST;2652.3;7;STLNILIPS;7;0;HLA-A0201
0;TSTLNILIP;PEPLIST;26462.6;39;TSTLNILIP;39;0;HLA-A0201
0;LTSTLNILI;PEPLIST;1463.6;5;LTSTLNILI;5;0;HLA-A0201
0;LLTSTLNIL;PEPLIST;298.6;2;LLTSTLNIL;2;1;HLA-A0201
0;ILLTSTLNI;PEPLIST;20.9;0.3;ILLTSTLNI;0.3;1;HLA-A0201
0;VSNTMDSQM;PEPLIST;29629.4;46;VSNTMDSQM;46;0;HLA-A0201
0;LVSNTMDSQ;PEPLIST;33072;55;LVSNTMDSQ;55;0;HLA-A0201
0;MLVSNTMDS;PEPLIST;5350.2;10;MLVSNTMDS;10;0;HLA-A0201
0;QMLVSNTMD;PEPLIST;31787.9;55;QMLVSNTMD;55;0;HLA-A0201
0;SQMLVSNTM;PEPLIST;1265.4;4.5;SQMLVSNTM;4.5;0;HLA-A0201
0;DSQMLVSNT;PEPLIST;33312.2;60;DSQMLVSNT;60;0;HLA-A0201
0;MDSQMLVSN;PEPLIST;32209.6;55;MDSQMLVSN;55;0;HLA-A0201
0;TMDSQMLVS;PEPLIST;8806;14;TMDSQMLVS;14;0;HLA-A0201
0;NTMDSQMLV;PEPLIST;65.7;0.8;NTMDSQMLV;0.8;1;HLA-A0201
0;DPERSPSAA;PEPLIST;42754.4;95;DPERSPSAA;95;0;HLA-A0201
0;QDPERSPSA;PEPLIST;38291.9;75;QDPERSPSA;75;0;HLA-A0201
0;LQDPERSPS;PEPLIST;30053.7;47;LQDPERSPS;47;0;HLA-A0201
0;ELQDPERSP;PEPLIST;38484.7;80;ELQDPERSP;80;0;HLA-A0201
0;FELQDPERS;PEPLIST;35232.2;65;FELQDPERS;65;0;HLA-A0201
0;SFELQDPER;PEPLIST;40360.7;85;SFELQDPER;85;0;HLA-A0201
0;RSFELQDPE;PEPLIST;33057.3;55;RSFELQDPE;55;0;HLA-A0201
0;CRSFELQDP;PEPLIST;36558.7;70;CRSFELQDP;70;0;HLA-A0201
0;TCRSFELQD;PEPLIST;36663.7;70;TCRSFELQD;70;0;HLA-A0201
0;FLAAQGGGG;PEPLIST;17174.9;24;FLAAQGGGG;24;0;HLA-A0201
0;PFLAAQGGG;PEPLIST;45062.8;99;PFLAAQGGG;99;0;HLA-A0201
0;LPFLAAQGG;PEPLIST;30299.5;47;LPFLAAQGG;47;0;HLA-A0201
0;LLPFLAAQG;PEPLIST;11382;17;LLPFLAAQG;17;0;HLA-A0201
0;LLLPFLAAQ;PEPLIST;1970.2;6;LLLPFLAAQ;6;0;HLA-A0201
0;LLLLPFLAA;PEPLIST;344.4;2.5;LLLLPFLAA;2.5;0;HLA-A0201
0;LLLLLPFLA;PEPLIST;42.3;0.6;LLLLLPFLA;0.6;1;HLA-A0201
0;LLLLLLPFL;PEPLIST;10.3;0.125;LLLLLLPFL;0.125;1;HLA-A0201
0;LLLLLLLPF;PEPLIST;1359.8;5;LLLLLLLPF;5;0;HLA-A0201
0;ADIGEDTVL;PEPLIST;33771.3;60;ADIGEDTVL;60;0;HLA-A0201
0;CADIGEDTV;PEPLIST;14412.9;20;CADIGEDTV;20;0;HLA-A0201
0;HCADIGEDT;PEPLIST;33180.6;60;HCADIGEDT;60;0;HLA-A0201
0;LHCADIGED;PEPLIST;41020.6;90;LHCADIGED;90;0;HLA-A0201
0;KLHCADIGE;PEPLIST;18380.9;25;KLHCADIGE;25;0;HLA-A0201
0;DKLHCADIG;PEPLIST;41596.3;90;DKLHCADIG;90;0;HLA-A0201
0;EDKLHCADI;PEPLIST;35271.5;65;EDKLHCADI;65;0;HLA-A0201
0;EEDKLHCAD;PEPLIST;42312.1;95;EEDKLHCAD;95;0;HLA-A0201
0;HEEDKLHCA;PEPLIST;34602;65;HEEDKLHCA;65;0;HLA-A0201
0;RECGKSFGV;PEPLIST;15993.7;22;RECGKSFGV;22;0;HLA-A0201
0;CRECGKSFG;PEPLIST;42674.9;95;CRECGKSFG;95;0;HLA-A0201
0;SCRECGKSF;PEPLIST;31749.7;55;SCRECGKSF;55;0;HLA-A0201
0;YSCRECGKS;PEPLIST;37697.9;75;YSCRECGKS;75;0;HLA-A0201
0;PYSCRECGK;PEPLIST;43666;95;PYSCRECGK;95;0;HLA-A0201
0;KPYSCRECG;PEPLIST;38832.7;80;KPYSCRECG;80;0;HLA-A0201
0;SKPYSCREC;PEPLIST;40025;85;SKPYSCREC;85;0;HLA-A0201
0;RSKPYSCRE;PEPLIST;39961.4;85;RSKPYSCRE;85;0;HLA-A0201
0;ARSKPYSCR;PEPLIST;42915.7;95;ARSKPYSCR;95;0;HLA-A0201
0;AIGGKGSDR;PEPLIST;40422.3;85;AIGGKGSDR;85;0;HLA-A0201
0;YAIGGKGSD;PEPLIST;42254;95;YAIGGKGSD;95;0;HLA-A0201
0;VYAIGGKGS;PEPLIST;41135.7;90;VYAIGGKGS;90;0;HLA-A0201
0;LVYAIGGKG;PEPLIST;29626.5;46;LVYAIGGKG;46;0;HLA-A0201
0;DLVYAIGGK;PEPLIST;28279.4;42;DLVYAIGGK;42;0;HLA-A0201
0;MDLVYAIGG;PEPLIST;24719.5;35;MDLVYAIGG;35;0;HLA-A0201
0;HMDLVYAIG;PEPLIST;10143.9;15;HMDLVYAIG;15;0;HLA-A0201
0;SHMDLVYAI;PEPLIST;2343.4;6.5;SHMDLVYAI;6.5;0;HLA-A0201
0;LSHMDLVYA;PEPLIST;6451.3;12;LSHMDLVYA;12;0;HLA-A0201
0;IIYVAANSG;PEPLIST;17746;24;IIYVAANSG;24;0;HLA-A0201
0;PIIYVAANS;PEPLIST;29231.4;45;PIIYVAANS;45;0;HLA-A0201
0;IPIIYVAAN;PEPLIST;24402.2;34;IPIIYVAAN;34;0;HLA-A0201
0;GIPIIYVAA;PEPLIST;4943;9.5;GIPIIYVAA;9.5;0;HLA-A0201
0;EGIPIIYVA;PEPLIST;18051.6;25;EGIPIIYVA;25;0;HLA-A0201
0;AEGIPIIYV;PEPLIST;9622;15;AEGIPIIYV;15;0;HLA-A0201
0;RAEGIPIIY;PEPLIST;25006.5;36;RAEGIPIIY;36;0;HLA-A0201
0;ARAEGIPII;PEPLIST;17361.6;24;ARAEGIPII;24;0;HLA-A0201
0;MARAEGIPI;PEPLIST;13589.8;19;MARAEGIPI;19;0;HLA-A0201
0;EHGLHSYEK;PEPLIST;41596.8;90;EHGLHSYEK;90;0;HLA-A0201
0;GEHGLHSYE;PEPLIST;40508.6;85;GEHGLHSYE;85;0;HLA-A0201
0;GGEHGLHSY;PEPLIST;35568.5;65;GGEHGLHSY;65;0;HLA-A0201
0;EGGEHGLHS;PEPLIST;40295.7;85;EGGEHGLHS;85;0;HLA-A0201
0;IEGGEHGLH;PEPLIST;42475.4;95;IEGGEHGLH;95;0;HLA-A0201
0;QIEGGEHGL;PEPLIST;11604.5;17;QIEGGEHGL;17;0;HLA-A0201
0;AQIEGGEHG;PEPLIST;27611.2;41;AQIEGGEHG;41;0;HLA-A0201
0;SAQIEGGEH;PEPLIST;39509.9;80;SAQIEGGEH;80;0;HLA-A0201
0;MSAQIEGGE;PEPLIST;38652;80;MSAQIEGGE;80;0;HLA-A0201
0;GIKASQQSL;PEPLIST;18375.9;25;GIKASQQSL;25;0;HLA-A0201
0;LGIKASQQS;PEPLIST;41076.6;90;LGIKASQQS;90;0;HLA-A0201
0;NLGIKASQQ;PEPLIST;30180.8;47;NLGIKASQQ;47;0;HLA-A0201
0;SNLGIKASQ;PEPLIST;39169.8;80;SNLGIKASQ;80;0;HLA-A0201
0;ISNLGIKAS;PEPLIST;30187;47;ISNLGIKAS;47;0;HLA-A0201
0;SISNLGIKA;PEPLIST;6870.2;12;SISNLGIKA;12;0;HLA-A0201
0;GSISNLGIK;PEPLIST;35050.4;65;GSISNLGIK;65;0;HLA-A0201
0;IGSISNLGI;PEPLIST;21481.3;30;IGSISNLGI;30;0;HLA-A0201
0;DIGSISNLG;PEPLIST;34425.4;60;DIGSISNLG;60;0;HLA-A0201
0;SYGARPPPT;PEPLIST;34951.2;65;SYGARPPPT;65;0;HLA-A0201
0;HSYGARPPP;PEPLIST;38630.3;80;HSYGARPPP;80;0;HLA-A0201
0;DHSYGARPP;PEPLIST;43364.7;95;DHSYGARPP;95;0;HLA-A0201
0;ADHSYGARP;PEPLIST;40662.2;85;ADHSYGARP;85;0;HLA-A0201
0;YADHSYGAR;PEPLIST;35415.6;65;YADHSYGAR;65;0;HLA-A0201
0;PYADHSYGA;PEPLIST;39707.1;85;PYADHSYGA;85;0;HLA-A0201
0;LPYADHSYG;PEPLIST;39308.3;80;LPYADHSYG;80;0;HLA-A0201
0;GLPYADHSY;PEPLIST;24080.6;34;GLPYADHSY;34;0;HLA-A0201
0;IGLPYADHS;PEPLIST;34115;60;IGLPYADHS;60;0;HLA-A0201
0;NPKDVSQEE;PEPLIST;41260.1;90;NPKDVSQEE;90;0;HLA-A0201
0;LNPKDVSQE;PEPLIST;42467.6;95;LNPKDVSQE;95;0;HLA-A0201
0;ILNPKDVSQ;PEPLIST;19535.6;27;ILNPKDVSQ;27;0;HLA-A0201
0;LILNPKDVS;PEPLIST;36488.8;70;LILNPKDVS;70;0;HLA-A0201
0;ELILNPKDV;PEPLIST;12887.4;18;ELILNPKDV;18;0;HLA-A0201
0;SELILNPKD;PEPLIST;42077.5;90;SELILNPKD;90;0;HLA-A0201
0;CSELILNPK;PEPLIST;22437.2;31;CSELILNPK;31;0;HLA-A0201
0;ICSELILNP;PEPLIST;19811.5;27;ICSELILNP;27;0;HLA-A0201
0;GICSELILN;PEPLIST;21342.8;29;GICSELILN;29;0;HLA-A0201
0;VPADPAGDF;PEPLIST;38779.4;80;VPADPAGDF;80;0;HLA-A0201
0;VVPADPAGD;PEPLIST;39287.9;80;VVPADPAGD;80;0;HLA-A0201
0;QVVPADPAG;PEPLIST;36080.1;70;QVVPADPAG;70;0;HLA-A0201
0;PQVVPADPA;PEPLIST;32905.6;55;PQVVPADPA;55;0;HLA-A0201
0;HPQVVPADP;PEPLIST;35005.7;65;HPQVVPADP;65;0;HLA-A0201
0;GHPQVVPAD;PEPLIST;39169.8;80;GHPQVVPAD;80;0;HLA-A0201
0;DGHPQVVPA;PEPLIST;32493.5;55;DGHPQVVPA;55;0;HLA-A0201
0;PDGHPQVVP;PEPLIST;45071.5;99;PDGHPQVVP;99;0;HLA-A0201
0;GPDGHPQVV;PEPLIST;27666.9;41;GPDGHPQVV;41;0;HLA-A0201
0;NDYWGGYGG;PEPLIST;37325.4;75;NDYWGGYGG;75;0;HLA-A0201
0;ENDYWGGYG;PEPLIST;40824.1;85;ENDYWGGYG;85;0;HLA-A0201
0;TENDYWGGY;PEPLIST;37459.3;75;TENDYWGGY;75;0;HLA-A0201
0;PTENDYWGG;PEPLIST;39825.8;85;PTENDYWGG;85;0;HLA-A0201
0;APTENDYWG;PEPLIST;41277.5;90;APTENDYWG;90;0;HLA-A0201
0;DAPTENDYW;PEPLIST;40103.9;85;DAPTENDYW;85;0;HLA-A0201
0;GDAPTENDY;PEPLIST;41278.4;90;GDAPTENDY;90;0;HLA-A0201
0;GGDAPTEND;PEPLIST;42742.3;95;GGDAPTEND;95;0;HLA-A0201
0;QGGDAPTEN;PEPLIST;44110.5;99;QGGDAPTEN;99;0;HLA-A0201
0;NIPEEEARY;PEPLIST;34512.7;60;NIPEEEARY;60;0;HLA-A0201
0;LNIPEEEAR;PEPLIST;40815.2;85;LNIPEEEAR;85;0;HLA-A0201
0;PLNIPEEEA;PEPLIST;24848.4;35;PLNIPEEEA;35;0;HLA-A0201
0;LPLNIPEEE;PEPLIST;36924.9;70;LPLNIPEEE;70;0;HLA-A0201
0;ELPLNIPEE;PEPLIST;29449.2;45;ELPLNIPEE;45;0;HLA-A0201
0;FELPLNIPE;PEPLIST;24885.6;35;FELPLNIPE;35;0;HLA-A0201
0;RFELPLNIP;PEPLIST;29931.3;47;RFELPLNIP;47;0;HLA-A0201
0;TRFELPLNI;PEPLIST;12833.8;18;TRFELPLNI;18;0;HLA-A0201
0;DTRFELPLN;PEPLIST;37950.8;75;DTRFELPLN;75;0;HLA-A0201
0;WEFARNVAS;PEPLIST;30563.6;48;WEFARNVAS;48;0;HLA-A0201
0;QWEFARNVA;PEPLIST;38233.2;75;QWEFARNVA;75;0;HLA-A0201
0;KQWEFARNV;PEPLIST;56.3;0.7;KQWEFARNV;0.7;1;HLA-A0201
0;LKQWEFARN;PEPLIST;38508.4;80;LKQWEFARN;80;0;HLA-A0201
0;ELKQWEFAR;PEPLIST;28046;42;ELKQWEFAR;42;0;HLA-A0201
0;KELKQWEFA;PEPLIST;25758.4;37;KELKQWEFA;37;0;HLA-A0201
0;LKELKQWEF;PEPLIST;30031.2;47;LKELKQWEF;47;0;HLA-A0201
0;RLKELKQWE;PEPLIST;32180;55;RLKELKQWE;55;0;HLA-A0201
0;QRLKELKQW;PEPLIST;36546.5;70;QRLKELKQW;70;0;HLA-A0201
0;CHAEEREEM;PEPLIST;36945.2;70;CHAEEREEM;70;0;HLA-A0201
0;WCHAEEREE;PEPLIST;42746;95;WCHAEEREE;95;0;HLA-A0201
0;IWCHAEERE;PEPLIST;41504.1;90;IWCHAEERE;90;0;HLA-A0201
0;PIWCHAEER;PEPLIST;33586.6;60;PIWCHAEER;60;0;HLA-A0201
0;KPIWCHAEE;PEPLIST;37982.1;75;KPIWCHAEE;75;0;HLA-A0201
0;HKPIWCHAE;PEPLIST;35272.2;65;HKPIWCHAE;65;0;HLA-A0201
0;DHKPIWCHA;PEPLIST;34638.8;65;DHKPIWCHA;65;0;HLA-A0201
0;DDHKPIWCH;PEPLIST;37763.2;75;DDHKPIWCH;75;0;HLA-A0201
0;DDDHKPIWC;PEPLIST;39732.9;85;DDDHKPIWC;85;0;HLA-A0201
0;PNQVTATFL;PEPLIST;32284.2;55;PNQVTATFL;55;0;HLA-A0201
0;FPNQVTATF;PEPLIST;20179;28;FPNQVTATF;28;0;HLA-A0201
0;IFPNQVTAT;PEPLIST;31749;55;IFPNQVTAT;55;0;HLA-A0201
0;RIFPNQVTA;PEPLIST;810.7;3.5;RIFPNQVTA;3.5;0;HLA-A0201
0;IRIFPNQVT;PEPLIST;38598.5;80;IRIFPNQVT;80;0;HLA-A0201
0;TIRIFPNQV;PEPLIST;9207.2;14;TIRIFPNQV;14;0;HLA-A0201
0;GTIRIFPNQ;PEPLIST;29432.3;45;GTIRIFPNQ;45;0;HLA-A0201
0;PGTIRIFPN;PEPLIST;36607;70;PGTIRIFPN;70;0;HLA-A0201
0;NPGTIRIFP;PEPLIST;34892.3;65;NPGTIRIFP;65;0;HLA-A0201
0;VCEMCWPGR;PEPLIST;30283.5;47;VCEMCWPGR;47;0;HLA-A0201
0;TVCEMCWPG;PEPLIST;7113.9;12;TVCEMCWPG;12;0;HLA-A0201
0;GTVCEMCWP;PEPLIST;28251;42;GTVCEMCWP;42;0;HLA-A0201
0;NGTVCEMCW;PEPLIST;32230.8;55;NGTVCEMCW;55;0;HLA-A0201
0;FNGTVCEMC;PEPLIST;19284.4;26;FNGTVCEMC;26;0;HLA-A0201
0;GFNGTVCEM;PEPLIST;19246.9;26;GFNGTVCEM;26;0;HLA-A0201
0;TGFNGTVCE;PEPLIST;37954.1;75;TGFNGTVCE;75;0;HLA-A0201
0;NTGFNGTVC;PEPLIST;37208.4;70;NTGFNGTVC;70;0;HLA-A0201
0;CNTGFNGTV;PEPLIST;26276.9;38;CNTGFNGTV;38;0;HLA-A0201
0;TERAEARRK;PEPLIST;41813.8;90;TERAEARRK;90;0;HLA-A0201
0;YTERAEARR;PEPLIST;38800.4;80;YTERAEARR;80;0;HLA-A0201
0;LYTERAEAR;PEPLIST;37729.8;75;LYTERAEAR;75;0;HLA-A0201
0;MLYTERAEA;PEPLIST;190.4;1.6;MLYTERAEA;1.6;1;HLA-A0201
0;LMLYTERAE;PEPLIST;30691.2;48;LMLYTERAE;48;0;HLA-A0201
0;QLMLYTERA;PEPLIST;112.3;1.1;QLMLYTERA;1.1;1;HLA-A0201
0;SQLMLYTER;PEPLIST;19660.7;27;SQLMLYTER;27;0;HLA-A0201
0;FSQLMLYTE;PEPLIST;15919.2;22;FSQLMLYTE;22;0;HLA-A0201
0;CFSQLMLYT;PEPLIST;15066.9;21;CFSQLMLYT;21;0;HLA-A0201
